Date,DayOfWeek,DayOfMonth,Month,Is_Start_Of_Month,Is_End_Of_Month,Is_Weekend,Is_Holiday,Is_Vacation,Is_Exam_Period,Is_Fest,Days_Until_Holiday,DayOfWeek_Sin,DayOfWeek_Cos,Month_Sin,Month_Cos,Is_Broke_Weekend,Is_Rich_Weekend,WeekOfYear,DayOfYear,Target_Headcount,Target_1_Days_Ago,Target_2_Days_Ago,Target_3_Days_Ago,Target_7_Days_Ago,Target_14_Days_Ago,Target_21_Days_Ago,Target_3_Day_Avg,Target_3_Day_Std,Target_3_Day_Max,Target_3_Day_Min,Target_7_Day_Avg,Target_7_Day_Std,Target_7_Day_Max,Target_7_Day_Min,Target_14_Day_Avg,Target_14_Day_Std,Target_14_Day_Max,Target_14_Day_Min,Target_28_Day_Avg,Target_28_Day_Std,Target_28_Day_Max,Target_28_Day_Min,Target_EWMA_7,Target_EWMA_14,Trend_7_vs_28,Predictions,xgb_pred,lgbm_pred,cb_pred,Residual,xgb_Residual,lgbm_Residual,cb_Residual,AbsResidual,xgb_AbsResidual,lgbm_AbsResidual,cb_AbsResidual,PercentResidual
2025-01-21,Tuesday,21,1,0,0,0,0,0,0,0,5.0,0.7818314824680298,0.6234898018587336,0.4999999999999999,0.8660254037844387,0,0,4,21,442.0,443.0,393.0,175.0,411.0,438.0,30.0,337.0,142.5061402185885,443.0,175.0,393.0,134.11065083231347,624.0,175.0,403.3571428571428,131.87558655668727,624.0,148.0,261.1428571428572,193.1793858885443,624.0,21.0,379.9854861438964,360.9849855222372,1.4991825613079015,384.01003265107596,398.4902,413.0066294913095,340.5332646044965,57.98996734892404,43.509796142578125,28.993370508690475,101.46673539550352,57.98996734892404,43.509796142578125,28.993370508690475,101.46673539550352,13.119902115141185
2025-01-22,Wednesday,22,1,0,0,0,0,0,0,0,4.0,0.9749279121818236,-0.2225209339563143,0.4999999999999999,0.8660254037844387,0,0,4,22,585.0,442.0,443.0,393.0,624.0,624.0,96.0,426.0,28.58321185591303,443.0,393.0,397.4285714285714,135.31057749101666,624.0,175.0,403.6428571428572,131.96072092911533,624.0,148.0,275.4642857142857,191.1075869460963,624.0,21.0,395.4891146079223,371.7869874526056,1.43754036946131,485.93698023012865,492.58362,530.589976347997,434.63734617832654,99.06301976987135,92.4163818359375,54.41002365200302,150.36265382167346,99.06301976987135,92.4163818359375,54.41002365200302,150.36265382167346,16.933849533311342
2025-01-23,Thursday,23,1,0,0,0,0,0,0,0,3.0,0.4338837391175582,-0.900968867902419,0.4999999999999999,0.8660254037844387,0,0,4,23,352.0,585.0,442.0,443.0,331.0,416.0,118.0,490.0,82.27393268830662,585.0,442.0,391.8571428571428,124.823112939109,585.0,175.0,400.8571428571428,127.27973863947024,624.0,148.0,294.3928571428572,194.6766244191584,624.0,21.0,442.8668359559417,400.2153891255915,1.3265626889130695,369.9310939076056,393.58276,364.0132148238714,352.19730322707045,-17.9310939076056,-41.582763671875,-12.013214823871408,-0.19730322707044934,17.9310939076056,41.582763671875,12.013214823871408,0.19730322707044934,5.094060769206137
2025-01-24,Friday,24,1,0,1,0,0,0,0,0,2.0,-0.433883739117558,-0.9009688679024191,0.4999999999999999,0.8660254037844387,0,0,4,24,437.0,352.0,585.0,442.0,374.0,399.0,180.0,459.6666666666667,117.50035460939402,585.0,352.0,394.8571428571428,123.36048607155196,585.0,175.0,396.2857142857143,127.84210728709216,624.0,148.0,305.85714285714283,187.92585501768227,624.0,21.0,420.1501269669563,393.7866705755127,1.286778398510242,394.4675887395795,399.84866,383.208236519049,400.3458663696116,42.532411260420474,37.151336669921875,53.791763480950976,36.6541336303884,42.532411260420474,37.151336669921875,53.791763480950976,36.6541336303884,9.732817222064183
2025-01-25,Saturday,25,1,0,1,1,0,0,0,0,1.0,-0.9749279121818236,-0.2225209339563146,0.4999999999999999,0.8660254037844387,1,0,4,25,188.0,437.0,352.0,585.0,175.0,148.0,123.0,458.0,117.91098337305142,585.0,352.0,403.8571428571428,123.88224055049038,585.0,175.0,399.0,128.3067238480329,624.0,148.0,319.1428571428572,183.36155626919256,624.0,21.0,424.3625952252172,399.548447832111,1.261490406068719,165.63333996203224,172.0661,153.48355699130195,171.35036182057604,22.366660037967762,15.93389892578125,34.51644300869805,16.64963817942396,22.366660037967762,15.93389892578125,34.51644300869805,16.64963817942396,11.897159594663703
2025-01-26,Sunday,26,1,0,1,1,1,0,0,0,0.0,-0.7818314824680299,0.6234898018587334,0.4999999999999999,0.8660254037844387,1,0,4,26,492.0,188.0,437.0,352.0,393.0,429.0,412.0,325.6666666666667,126.57145544447746,437.0,188.0,405.7142857142857,119.9134608592302,585.0,188.0,401.8571428571428,122.60622216790507,624.0,175.0,325.10714285714283,175.8674457243535,624.0,30.0,365.2719464189129,371.3419881211629,1.2441134596429746,382.37293922880434,391.30112,378.63833577756196,377.1793649654917,109.62706077119566,100.69888305664062,113.36166422243804,114.82063503450831,109.62706077119566,100.69888305664062,113.36166422243804,114.82063503450831,22.28192292097473
2025-01-27,Monday,27,1,0,1,0,0,0,0,0,5.0,0.0,1.0,0.4999999999999999,0.8660254037844387,0,0,5,27,394.0,492.0,188.0,437.0,443.0,442.0,396.0,372.3333333333333,161.98868273226174,492.0,188.0,419.8571428571428,123.93469862717852,585.0,188.0,406.3571428571428,124.81531411394444,624.0,175.0,340.75,170.24984363945595,624.0,30.0,396.9539598141847,387.4297230383411,1.228550527745846,428.11754772390094,431.1793,436.87948599866235,416.2938664015561,-34.11754772390094,-37.179290771484375,-42.879485998662346,-22.2938664015561,34.11754772390094,37.179290771484375,42.879485998662346,22.2938664015561,8.659276072056077
2025-01-28,Tuesday,28,1,0,1,0,0,0,0,0,4.0,0.7818314824680298,0.6234898018587336,0.4999999999999999,0.8660254037844387,0,0,5,28,486.0,394.0,492.0,188.0,442.0,411.0,438.0,358.0,155.16442891333057,492.0,188.0,412.8571428571428,123.79341470292177,585.0,188.0,402.9285714285714,124.41955342599996,624.0,175.0,353.2857142857143,160.13602022513524,624.0,30.0,396.2154698606385,388.3057599665623,1.1653225806451613,406.16327954373565,415.05676,407.55369321313265,395.8793827227619,79.83672045626435,70.9432373046875,78.44630678686735,90.12061727723813,79.83672045626435,70.9432373046875,78.44630678686735,90.12061727723813,16.42730873585686
2025-01-29,Wednesday,29,1,0,1,0,0,0,0,0,3.0,0.9749279121818236,-0.2225209339563143,0.4999999999999999,0.8660254037844387,0,0,5,29,346.0,486.0,394.0,492.0,585.0,624.0,624.0,457.3333333333333,54.93025881363885,492.0,394.0,419.1428571428572,126.60493483197868,585.0,188.0,408.2857142857143,126.39281173050485,624.0,175.0,369.57142857142856,148.82861845746476,624.0,96.0,418.6616023954789,401.3316586376873,1.1310717039321512,512.1652861412523,507.79163,532.6867867159099,496.0174457312845,-166.1652861412523,-161.7916259765625,-186.68678671590988,-150.0174457312845,166.1652861412523,161.7916259765625,186.68678671590988,150.0174457312845,48.02464917377234
2025-01-30,Thursday,30,1,0,1,0,0,0,0,0,2.0,0.4338837391175582,-0.900968867902419,0.4999999999999999,0.8660254037844387,0,0,5,30,360.0,346.0,486.0,394.0,352.0,331.0,416.0,408.6666666666667,71.1430483837553,486.0,346.0,385.0,104.76481597686649,492.0,188.0,388.4285714285714,110.76775029535668,585.0,175.0,378.5,138.9818799806756,624.0,118.0,400.4962017966092,393.9541041526624,1.0144927536231885,363.43811584410906,360.95236,361.8625104197547,367.4994750520257,-3.4381158441090633,-0.952362060546875,-1.8625104197546989,-7.499475052025673,3.4381158441090633,0.952362060546875,1.8625104197546989,7.499475052025673,0.9550321789191842
2025-01-31,Friday,31,1,0,1,0,0,0,0,0,1.0,-0.433883739117558,-0.9009688679024191,0.4999999999999999,0.8660254037844387,0,0,5,31,321.0,360.0,346.0,486.0,437.0,374.0,399.0,397.3333333333333,77.10598766200552,486.0,346.0,386.1428571428572,104.3877843610523,492.0,188.0,390.5,109.87877936092184,585.0,175.0,387.1428571428572,129.37476835855836,624.0,123.0,390.3721513474569,389.4268902656408,0.9948472580051528,391.97142072463566,402.62064,385.07408061356335,388.21954557401534,-70.97142072463566,-81.62063598632812,-64.07408061356335,-67.21954557401534,70.97142072463566,81.62063598632812,64.07408061356335,67.21954557401534,22.109476861257217
2025-02-01,Saturday,1,2,1,0,1,1,0,0,0,0.0,-0.9749279121818236,-0.2225209339563146,0.8660254037844386,0.5000000000000001,0,1,5,32,127.0,321.0,360.0,346.0,188.0,175.0,148.0,342.3333333333333,19.756855350316908,360.0,321.0,369.57142857142856,104.17590435229764,492.0,188.0,386.7142857142857,111.39357015792004,585.0,175.0,392.1785714285714,123.62998964096164,624.0,123.0,373.0291135105927,380.3033048968887,0.9399582160050868,185.37143929996125,184.08673,180.39736926420676,191.63021767864575,-58.37143929996125,-57.08673095703125,-53.39736926420676,-64.63021767864575,58.37143929996125,57.08673095703125,53.39736926420676,64.63021767864575,45.96176322831595
2025-02-02,Sunday,2,2,1,0,1,1,0,0,0,0.0,-0.7818314824680299,0.6234898018587334,0.8660254037844386,0.5000000000000001,0,1,5,33,342.0,127.0,321.0,360.0,492.0,393.0,429.0,269.3333333333333,124.79716877130404,360.0,127.0,360.8571428571428,122.78494556395287,492.0,127.0,383.2857142857143,118.89712979095609,585.0,127.0,392.32142857142856,123.3093230596904,624.0,127.0,311.5218351329445,346.5295309106369,0.9174611822391718,293.77650428666266,296.52924,270.71747474374837,314.08280227639585,48.22349571333734,45.47076416015625,71.28252525625163,27.917197723604147,48.22349571333734,45.47076416015625,71.28252525625163,27.917197723604147,14.100437343081094
2025-02-03,Monday,3,2,1,0,0,0,0,0,0,2.0,0.0,1.0,0.8660254037844386,0.5000000000000001,0,0,6,34,408.0,342.0,127.0,321.0,394.0,443.0,442.0,263.3333333333333,118.53410198475942,342.0,127.0,339.42857142857144,108.32029225535592,486.0,127.0,379.6428571428572,119.35699982235391,585.0,127.0,389.82142857142856,123.60482238327944,624.0,127.0,319.1413763497084,345.92559345588535,0.8685004112217857,371.68259043955953,374.22714,357.26244583384283,383.5581831508514,36.31740956044047,33.772857666015625,50.73755416615717,24.44181684914861,36.31740956044047,33.772857666015625,50.73755416615717,24.44181684914861,8.901325872656976
2025-02-04,Tuesday,4,2,1,0,0,0,0,0,0,1.0,0.7818314824680298,0.6234898018587336,0.8660254037844386,0.5000000000000001,0,0,6,35,314.0,408.0,342.0,127.0,486.0,442.0,411.0,292.3333333333333,146.93649421887451,408.0,127.0,341.42857142857144,109.61729964267676,486.0,127.0,377.1428571428572,118.28964265919288,585.0,127.0,390.25,123.64783474463668,624.0,127.0,341.35603226228125,354.2021809951006,0.8726608854404382,360.55747347795926,369.92532,346.94503495815883,364.8020619893907,-46.55747347795926,-55.925323486328125,-32.94503495815883,-50.80206198939072,46.55747347795926,55.925323486328125,32.94503495815883,50.80206198939072,14.82722085285327
2025-02-05,Wednesday,5,2,1,0,0,1,0,0,0,0.0,0.9749279121818236,-0.2225209339563143,0.8660254037844386,0.5000000000000001,0,0,6,36,460.0,314.0,408.0,342.0,346.0,585.0,624.0,354.6666666666667,48.263167460635536,408.0,314.0,316.85714285714283,89.1822638783978,408.0,127.0,368.0,117.83691468100498,585.0,127.0,385.82142857142856,124.09406634318678,624.0,127.0,334.51702419671096,348.8418901957539,0.8191302742129074,473.09647685725355,480.14096,491.03149034390793,448.1169795344934,-13.096476857253549,-20.140960693359375,-31.031490343907933,11.883020465506604,13.096476857253549,20.140960693359375,31.031490343907933,11.883020465506604,2.8470601863594673
2025-02-06,Thursday,6,2,1,0,0,0,0,0,0,2.0,0.4338837391175582,-0.900968867902419,0.8660254037844386,0.5000000000000001,0,0,6,37,363.0,460.0,314.0,408.0,360.0,352.0,331.0,394.0,74.0000000000001,460.0,314.0,333.1428571428572,104.48672734120916,460.0,127.0,359.07142857142856,104.0602372043854,492.0,127.0,379.9642857142857,116.04516430567064,624.0,127.0,365.8877681475332,363.6629715029867,0.8744726727289772,355.8852368686982,354.60754,340.88807565907996,372.1600910017022,7.1147631313018,8.3924560546875,22.11192434092004,-9.160091001702199,7.1147631313018,8.3924560546875,22.11192434092004,9.160091001702199,1.9599898433338292
2025-02-07,Friday,7,2,1,0,0,0,0,0,0,1.0,-0.433883739117558,-0.9009688679024191,0.8660254037844386,0.5000000000000001,0,0,6,38,316.0,363.0,460.0,314.0,321.0,437.0,374.0,379.0,74.30343195303979,460.0,314.0,333.57142857142856,104.62131258791894,460.0,127.0,359.85714285714283,104.0442636151017,492.0,127.0,378.07142857142856,115.86771786105042,624.0,127.0,365.1658261106499,363.57457530258847,0.8799698511400038,391.1966839947975,413.18716,382.37722117579204,378.02566650196,-75.19668399479752,-97.18716430664062,-66.37722117579204,-62.02566650196002,75.19668399479752,97.18716430664062,66.37722117579204,62.02566650196002,23.796418985695418
2025-02-08,Saturday,8,2,0,0,1,1,0,0,0,0.0,-0.9749279121818236,-0.2225209339563146,0.8660254037844386,0.5000000000000001,0,0,6,39,121.0,316.0,363.0,460.0,127.0,188.0,175.0,379.6666666666667,73.43250869562709,460.0,316.0,332.85714285714283,104.73844975529693,460.0,127.0,351.2142857142857,102.15160571156254,492.0,127.0,375.1071428571428,116.37307162287048,624.0,127.0,352.8743695829874,357.2312985955767,0.8850061722533472,175.20539978991187,176.48273,174.3119124229373,174.82155989601696,-54.205399789911866,-55.48272705078125,-53.3119124229373,-53.821559896016964,54.205399789911866,55.48272705078125,53.3119124229373,53.821559896016964,44.79785106604286
2025-02-09,Sunday,9,2,0,0,1,1,0,0,0,0.0,-0.7818314824680299,0.6234898018587334,0.8660254037844386,0.5000000000000001,0,0,6,40,381.0,121.0,316.0,363.0,342.0,492.0,393.0,266.6666666666667,128.3212115487278,363.0,121.0,332.0,106.70988707706516,460.0,121.0,346.42857142857144,111.5255847057348,492.0,121.0,374.1428571428572,118.4185027727582,624.0,121.0,294.9057771872406,325.73379211616646,0.884996191926885,320.2201714624958,306.2321,336.3323401786252,318.0960880272215,60.779828537504216,74.76791381835938,44.6676598213748,62.903911972778474,60.779828537504216,74.76791381835938,44.6676598213748,62.903911972778474,15.952710902232079
2025-02-10,Monday,10,2,0,0,0,0,0,0,0,2.0,0.0,1.0,0.8660254037844386,0.5000000000000001,0,0,7,41,423.0,381.0,121.0,316.0,408.0,394.0,443.0,272.6666666666667,135.30828996529868,381.0,121.0,337.57142857142856,108.3249080972872,460.0,121.0,338.5,104.07744897246172,486.0,121.0,372.4285714285714,117.94142569165356,624.0,121.0,316.42933289043043,333.10261983401097,0.9039785768936496,357.57889849911066,361.62982,340.33508372519987,370.77178999478843,65.42110150088934,61.37017822265625,82.66491627480013,52.228210005211565,65.42110150088934,61.37017822265625,82.66491627480013,52.228210005211565,15.465981442290623
2025-02-11,Tuesday,11,2,0,0,0,0,0,0,0,1.0,0.7818314824680298,0.6234898018587336,0.8660254037844386,0.5000000000000001,0,0,7,42,348.0,423.0,381.0,121.0,314.0,486.0,442.0,308.3333333333333,163.58891567992418,423.0,121.0,339.7142857142857,110.08438321838128,460.0,121.0,340.57142857142856,105.54526137066593,486.0,121.0,371.75,117.5804295255267,624.0,121.0,343.0719996678228,345.08893718947616,0.9113729999041872,338.7453969013281,334.95547,348.84073917060414,332.4399766798644,9.254603098671907,13.044525146484375,-0.840739170604138,15.560023320135599,9.254603098671907,13.044525146484375,0.840739170604138,15.560023320135599,2.659368706514916
2025-02-12,Wednesday,12,2,0,0,0,1,0,0,0,0.0,0.9749279121818236,-0.2225209339563143,0.8660254037844386,0.5000000000000001,0,0,7,43,453.0,348.0,423.0,381.0,460.0,346.0,585.0,384.0,37.58989225842509,423.0,348.0,344.57142857142856,109.50929510450572,460.0,121.0,330.7142857142857,97.01818114419308,460.0,121.0,369.5,117.40417684537752,624.0,121.0,344.3039997508671,345.477078897546,0.9300173510699826,413.1623906198294,393.164,426.3776772694586,419.94549312518575,39.83760938017059,59.83599853515625,26.622322730541384,33.05450687481425,39.83760938017059,59.83599853515625,26.622322730541384,33.05450687481425,8.794174256108297
2025-02-13,Thursday,13,2,0,0,0,0,0,0,0,2.0,0.4338837391175582,-0.900968867902419,0.8660254037844386,0.5000000000000001,0,0,7,44,318.0,453.0,348.0,423.0,363.0,360.0,352.0,408.0,54.08326913195986,453.0,348.0,343.57142857142856,108.30490469481236,453.0,121.0,338.35714285714283,102.3813438104792,460.0,121.0,363.3928571428572,107.72369981877452,585.0,121.0,371.4779998131503,359.8134683778732,0.9428599431539744,360.99373534116916,367.91226,330.506296590459,384.5626474701578,-42.993735341169156,-49.912261962890625,-12.506296590458987,-66.5626474701578,42.993735341169156,49.912261962890625,12.506296590458987,66.5626474701578,13.520042560116087
2025-02-14,Friday,14,2,0,0,0,0,0,0,0,1.0,-0.433883739117558,-0.9009688679024191,0.8660254037844386,0.5000000000000001,0,0,7,45,260.0,318.0,453.0,348.0,316.0,321.0,437.0,373.0,70.88723439378919,453.0,318.0,337.1428571428572,108.29501153704877,453.0,121.0,335.35714285714283,102.31370097202718,460.0,121.0,362.9285714285714,107.8963592463818,585.0,121.0,358.1084998598627,354.2383392608234,0.9263984298331698,319.97931110903045,307.19727,328.42224452524806,324.3184231768432,-59.97931110903045,-47.197265625,-68.42224452524806,-64.31842317684323,59.97931110903045,47.197265625,68.42224452524806,64.31842317684323,23.068965811165558
2025-02-15,Saturday,15,2,0,0,1,1,0,0,0,0.0,-0.9749279121818236,-0.2225209339563146,0.8660254037844386,0.5000000000000001,0,0,7,46,151.0,260.0,318.0,453.0,121.0,127.0,188.0,343.6666666666667,99.02693236354114,453.0,260.0,329.1428571428572,112.11813497590916,453.0,121.0,331.0,104.25265169104992,460.0,121.0,358.85714285714283,109.60052523722264,585.0,121.0,333.58137489489707,341.6732273593803,0.9146486701071856,140.37289797403517,141.40015,126.16732533971228,153.55122209801823,10.627102025964831,9.599853515625,24.832674660287722,-2.551222098018229,10.627102025964831,9.599853515625,24.832674660287722,2.551222098018229,7.037815911234988
2025-02-16,Sunday,16,2,0,0,1,1,0,0,0,0.0,-0.7818314824680299,0.6234898018587334,0.8660254037844386,0.5000000000000001,0,0,7,47,402.0,151.0,260.0,318.0,381.0,342.0,492.0,243.0,84.78797084492611,318.0,151.0,333.42857142857144,103.04183154243252,453.0,151.0,332.7142857142857,100.77959849358136,460.0,121.0,358.0,111.17420430883976,585.0,121.0,287.9360311711728,316.2501303781296,0.9287703939514524,299.8787107611834,301.75153,289.1033549360201,308.781251468624,102.12128923881659,100.24847412109375,112.89664506397992,93.21874853137598,102.12128923881659,100.24847412109375,112.89664506397992,93.21874853137598,25.403305780800146
2025-02-17,Monday,17,2,0,0,0,0,0,0,0,19.0,0.0,1.0,0.8660254037844386,0.5000000000000001,0,0,8,48,368.0,402.0,151.0,260.0,423.0,408.0,394.0,271.0,125.86103447850743,402.0,151.0,336.42857142857144,104.94579099525168,453.0,151.0,337.0,102.4665048461428,460.0,121.0,358.32142857142856,111.29209268487962,585.0,121.0,316.4520233783796,327.6834463277124,0.9362886393002684,340.30115271648634,349.17715,312.5512366408085,359.17506696763485,27.698847283513658,18.822845458984375,55.4487633591915,8.824933032365152,27.698847283513658,18.822845458984375,55.4487633591915,8.824933032365152,7.526860674867843
2025-02-18,Tuesday,18,2,0,0,0,0,0,0,0,18.0,0.7818314824680298,0.6234898018587336,0.8660254037844386,0.5000000000000001,0,0,8,49,381.0,368.0,402.0,151.0,348.0,314.0,486.0,307.0,136.16534067081838,402.0,151.0,328.57142857142856,99.2905788462281,453.0,151.0,334.1428571428572,100.8798654477059,460.0,121.0,355.6428571428572,110.07445772469734,585.0,121.0,329.33901753378467,333.0589868173507,0.9212898057280192,309.0522636664864,301.82922,301.26516252587766,324.062404840769,71.9477363335136,79.1707763671875,79.73483747412234,56.93759515923102,71.9477363335136,79.1707763671875,79.73483747412234,56.93759515923102,18.883920297510134
2025-02-19,Wednesday,19,2,0,0,0,0,0,0,0,17.0,0.9749279121818236,-0.2225209339563143,0.8660254037844386,0.5000000000000001,0,0,8,50,508.0,381.0,368.0,402.0,453.0,460.0,346.0,383.6666666666667,17.156145643277462,402.0,368.0,333.2857142857143,101.13310418406408,453.0,151.0,338.92857142857144,101.43847266330329,460.0,121.0,353.4642857142857,108.89936983896048,585.0,121.0,342.2542631503385,339.4511219083707,0.9402518891687656,471.8892041745816,469.5019,477.04369685753187,469.1220235763692,36.11079582541839,38.49810791015625,30.95630314246813,38.8779764236308,36.11079582541839,38.49810791015625,30.95630314246813,38.8779764236308,7.10842437508236
2025-02-20,Thursday,20,2,0,0,0,0,0,0,0,16.0,0.4338837391175582,-0.900968867902419,0.8660254037844386,0.5000000000000001,0,0,8,51,318.0,508.0,381.0,368.0,318.0,363.0,360.0,419.0,77.34985455707081,508.0,368.0,341.1428571428572,113.37905240303222,508.0,151.0,342.35714285714283,106.52887448434386,508.0,121.0,350.7142857142857,103.68322738134448,508.0,121.0,383.6906973627539,361.9243056539213,0.9699431356620634,355.56083539056544,342.66174,348.6595163154098,375.3612466922241,-37.560835390565444,-24.6617431640625,-30.659516315409803,-57.361246692224086,37.560835390565444,24.6617431640625,30.659516315409803,57.361246692224086,11.811583456152656
2025-02-21,Friday,21,2,0,0,0,0,0,0,0,15.0,-0.433883739117558,-0.9009688679024191,0.8660254037844386,0.5000000000000001,0,0,8,52,447.0,318.0,508.0,381.0,260.0,316.0,321.0,402.3333333333333,96.77981883292274,508.0,318.0,341.1428571428572,113.37905240303222,508.0,151.0,339.1428571428572,106.53699764932304,508.0,121.0,349.5,103.86654542854114,508.0,121.0,367.2680230220655,356.06773156673177,0.9733034440595068,326.36442912166547,301.59885,334.35933002336003,343.1351109060895,120.63557087833453,145.40115356445312,112.64066997663997,103.8648890939105,120.63557087833453,145.40115356445312,112.64066997663997,103.8648890939105,26.98782346271466
2025-02-22,Saturday,22,2,0,0,1,0,0,1,0,14.0,-0.9749279121818236,-0.2225209339563146,0.8660254037844386,0.5000000000000001,0,0,8,53,197.0,447.0,318.0,508.0,151.0,121.0,127.0,424.3333333333333,97.00687260876592,508.0,318.0,367.8571428571428,113.10382924762636,508.0,151.0,348.5,110.0431733457373,508.0,121.0,349.85714285714283,104.19522783047908,508.0,121.0,387.2010172665491,368.1920340245009,1.0484527687296417,185.38409602512866,187.63138,180.18333054699767,188.3375793545601,11.615903974871344,9.368621826171875,16.816669453002334,8.662420645439909,11.615903974871344,9.368621826171875,16.816669453002334,8.662420645439909,5.896397956787484
2025-02-23,Sunday,23,2,0,0,1,0,0,1,0,13.0,-0.7818314824680299,0.6234898018587334,0.8660254037844386,0.5000000000000001,0,0,8,54,508.0,197.0,447.0,318.0,402.0,381.0,342.0,320.6666666666667,125.02133151319964,447.0,197.0,374.4285714285714,98.84138327451252,508.0,197.0,353.92857142857144,99.30796256379152,508.0,151.0,350.17857142857144,103.69008437591098,508.0,121.0,339.65076294991184,345.3664294879008,1.0662056340892911,379.46816084897495,388.2409,362.57288851960743,387.59068826559866,128.53183915102505,119.75909423828125,145.42711148039257,120.40931173440134,128.53183915102505,119.75909423828125,145.42711148039257,120.40931173440134,25.30154313996556
2025-02-24,Monday,24,2,0,1,0,0,0,1,0,12.0,0.0,1.0,0.8660254037844386,0.5000000000000001,0,0,9,55,325.0,508.0,197.0,447.0,368.0,423.0,408.0,384.0,164.79381056338255,508.0,197.0,389.57142857142856,111.12584029357184,508.0,197.0,363.0,107.43871240422098,508.0,151.0,350.75,104.54119336946108,508.0,121.0,381.73807221243385,367.0509055561808,1.1075236064575082,376.43472385300953,378.3195,367.40924311925573,383.5754399143823,-51.43472385300953,-53.319488525390625,-42.409243119255734,-58.57543991438229,51.43472385300953,53.319488525390625,42.409243119255734,58.57543991438229,15.826068877849085
2025-02-25,Tuesday,25,2,0,1,0,0,0,1,0,11.0,0.7818314824680298,0.6234898018587336,0.8660254037844386,0.5000000000000001,0,0,9,56,319.0,325.0,508.0,197.0,381.0,348.0,314.0,343.3333333333333,156.30845573203442,508.0,197.0,383.4285714285714,113.6762319673104,508.0,197.0,356.0,106.41645332589094,508.0,151.0,348.2857142857143,104.29689002957475,508.0,121.0,367.55355415932536,361.44411814868994,1.097750511247444,322.42679289031486,319.15128,309.78181885973703,338.34728417644186,-3.4267928903148572,-0.151275634765625,9.21818114026297,-19.34728417644186,3.4267928903148572,0.151275634765625,9.21818114026297,19.34728417644186,1.074229746180206
2025-02-26,Wednesday,26,2,0,1,0,0,0,1,0,10.0,0.9749279121818236,-0.2225209339563143,0.8660254037844386,0.5000000000000001,0,0,9,57,345.0,319.0,325.0,508.0,508.0,453.0,460.0,384.0,107.42904635153388,508.0,319.0,374.57142857142856,116.28249673798324,508.0,197.0,353.92857142857144,106.86545407532437,508.0,151.0,342.32142857142856,100.84790659478364,508.0,121.0,355.415165619494,355.7849023955313,1.0910225735982524,484.7044850747271,477.05377,498.1606437895678,478.8990394619573,-139.70448507472707,-132.05377197265625,-153.1606437895678,-133.89903946195727,139.70448507472707,132.05377197265625,153.1606437895678,133.89903946195727,40.49405364484843
2025-02-27,Thursday,27,2,0,1,0,0,0,1,0,9.0,0.4338837391175582,-0.900968867902419,0.8660254037844386,0.5000000000000001,0,0,9,58,220.0,345.0,319.0,325.0,318.0,318.0,363.0,329.6666666666667,13.613718571109027,345.0,319.0,351.2857142857143,100.33728832578362,508.0,197.0,346.2142857142857,102.9915445158399,508.0,151.0,342.2857142857143,100.84673267916732,508.0,121.0,352.8113742146205,354.34691540946045,1.023304203079484,334.9141261394859,314.35834,327.52169118417766,362.8623498319364,-114.91412613948592,-94.35833740234375,-107.52169118417766,-142.8623498319364,114.91412613948592,94.35833740234375,107.52169118417766,142.8623498319364,52.23369369976633
2025-02-28,Friday,28,2,0,1,0,0,0,1,0,8.0,-0.433883739117558,-0.9009688679024191,0.8660254037844386,0.5000000000000001,0,0,9,59,270.0,220.0,345.0,319.0,447.0,260.0,316.0,294.6666666666667,65.95705673643546,345.0,220.0,337.2857142857143,111.92365595308594,508.0,197.0,339.2142857142857,108.25268060026436,508.0,151.0,337.2857142857143,103.3748508504836,508.0,121.0,319.60853066096536,336.4339933548657,0.997043918918919,320.44942714943005,307.49594,315.81972168830794,338.0326185978729,-50.44942714943005,-37.495941162109375,-45.819721688307936,-68.0326185978729,50.44942714943005,37.495941162109375,45.819721688307936,68.0326185978729,18.684973018307424
2025-03-01,Saturday,1,3,1,0,1,0,0,1,0,7.0,-0.9749279121818236,-0.2225209339563146,1.0,6.123233995736766e-17,0,1,9,60,157.0,270.0,220.0,345.0,197.0,151.0,121.0,278.3333333333333,62.915286960589874,345.0,220.0,312.0,102.61253984447168,508.0,197.0,339.92857142857144,107.72148152721246,508.0,151.0,335.4642857142857,104.11904943393596,508.0,121.0,307.20639799572405,327.57612757421697,0.9272900965927184,138.96587054937365,149.35527,137.99277195654284,129.5495693058359,18.034129450626352,7.6447296142578125,19.00722804345716,27.450430694164112,18.034129450626352,7.6447296142578125,19.00722804345716,27.450430694164112,11.486706656449906
2025-03-02,Sunday,2,3,1,0,1,0,0,1,0,6.0,-0.7818314824680299,0.6234898018587334,1.0,6.123233995736766e-17,0,1,9,61,300.0,157.0,270.0,220.0,508.0,402.0,381.0,215.66666666666663,56.62449411105929,270.0,157.0,306.2857142857143,110.86585630949702,508.0,157.0,340.35714285714283,106.92096803991907,508.0,157.0,336.5357142857143,102.02776751411984,508.0,121.0,269.65479849679303,304.83264389765475,0.9074172045286212,322.8620902703454,329.27612,321.5121416651685,317.79800609899286,-22.86209027034539,-29.276123046875,-21.512141665168485,-17.798006098992857,22.86209027034539,29.276123046875,21.512141665168485,17.798006098992857,7.620696756781796
2025-03-03,Monday,3,3,1,0,0,0,0,0,0,5.0,0.0,1.0,1.0,6.123233995736766e-17,0,0,10,62,335.0,300.0,157.0,270.0,325.0,368.0,423.0,242.33333333333331,75.40778032360706,300.0,157.0,276.57142857142856,66.97974107359344,345.0,157.0,333.07142857142856,105.8674528947286,508.0,157.0,335.0357142857143,102.2529478495133,508.0,121.0,277.2410988725948,304.18829137796746,0.8230417685195026,322.27897715119303,339.2448,324.66880208809033,302.92331735377,12.721022848806967,-4.24481201171875,10.331197911909669,32.07668264622998,12.721022848806967,4.24481201171875,10.331197911909669,32.07668264622998,3.797320253375214
2025-03-04,Tuesday,4,3,1,0,0,0,0,0,0,4.0,0.7818314824680298,0.6234898018587336,1.0,6.123233995736766e-17,0,0,10,63,321.0,335.0,300.0,157.0,319.0,381.0,348.0,264.0,94.30270409696658,335.0,157.0,278.0,68.27884006044557,345.0,157.0,330.7142857142857,105.39626950880955,508.0,157.0,332.42857142857144,101.24939087934848,508.0,121.0,291.6808241544461,308.2965191942385,0.8337617823479005,302.60461263389766,311.5634,309.2255129267761,287.0249399651513,18.39538736610234,9.436614990234375,11.774487073223895,33.975060034848696,18.39538736610234,9.436614990234375,11.774487073223895,33.975060034848696,5.730650269813814
2025-03-05,Wednesday,5,3,1,0,0,0,0,0,0,3.0,0.9749279121818236,-0.2225209339563143,1.0,6.123233995736766e-17,0,0,10,64,443.0,321.0,335.0,300.0,345.0,508.0,453.0,318.6666666666667,17.61628034896564,335.0,300.0,278.2857142857143,68.48287933421513,345.0,157.0,326.42857142857144,104.4094854854704,508.0,157.0,332.67857142857144,101.21083735392936,508.0,121.0,299.0106181158346,309.9903166350067,0.8339933640158407,425.8147470900871,436.55484,443.4990513868736,397.3903497954971,17.18525290991289,6.445159912109375,-0.49905138687358885,45.609650204502884,17.18525290991289,6.445159912109375,0.49905138687358885,45.609650204502884,3.8792895959171307
2025-03-06,Thursday,6,3,1,0,0,0,0,0,0,2.0,0.4338837391175582,-0.900968867902419,1.0,6.123233995736766e-17,0,0,10,65,235.0,443.0,321.0,335.0,220.0,318.0,318.0,366.3333333333333,66.763263351437,443.0,321.0,292.2857142857143,90.7812651114646,443.0,157.0,321.7857142857143,96.88865820059686,508.0,157.0,332.07142857142856,100.4670311028662,508.0,121.0,335.0079635868759,327.7249410836725,0.8775466437915506,258.4442368666375,271.0918,257.29239951248786,246.9485142124244,-23.444236866637482,-36.091796875,-22.29239951248786,-11.948514212424413,23.444236866637482,36.091796875,22.29239951248786,11.948514212424413,9.97627100707978
2025-03-07,Friday,7,3,1,0,0,0,0,0,0,1.0,-0.433883739117558,-0.9009688679024191,1.0,6.123233995736766e-17,0,0,10,66,303.0,235.0,443.0,321.0,270.0,447.0,260.0,333.0,104.51794104363142,443.0,235.0,294.42857142857144,88.94915615649374,443.0,157.0,315.85714285714283,99.6384673498352,508.0,157.0,327.5,101.90936423370748,508.0,121.0,310.0059726901569,315.36161560584947,0.8962818003913895,287.8089403900945,305.04663,291.5082391764134,266.8719511344952,15.191059609905494,-2.046630859375,11.491760823586617,36.12804886550481,15.191059609905494,2.046630859375,11.491760823586617,36.12804886550481,5.0135510263714504
2025-03-08,Saturday,8,3,0,0,1,1,0,0,1,0.0,-0.9749279121818236,-0.2225209339563146,1.0,6.123233995736766e-17,0,0,10,67,90.0,303.0,235.0,443.0,157.0,197.0,151.0,327.0,106.0565886685029,443.0,235.0,299.1428571428572,88.31086866184398,443.0,157.0,305.57142857142856,92.21522841509616,508.0,157.0,327.0357142857143,101.99327579246707,508.0,121.0,308.2544795176177,313.7134001917362,0.911921611322809,106.53720644197487,119.488464,120.68550877055895,79.43764619989688,-16.537206441974874,-29.48846435546875,-30.685508770558954,10.562353800103125,16.537206441974874,29.48846435546875,30.685508770558954,10.562353800103125,18.374673824416526
2025-03-09,Sunday,9,3,0,0,1,1,0,0,1,0.0,-0.7818314824680299,0.6234898018587334,1.0,6.123233995736766e-17,0,0,10,68,180.0,90.0,303.0,235.0,300.0,508.0,402.0,209.33333333333331,108.79491409681523,303.0,90.0,289.57142857142856,107.77114199830572,443.0,90.0,297.92857142857144,105.39775525686882,508.0,90.0,325.92857142857144,104.45127468379084,508.0,90.0,253.69085963821328,283.884946832838,0.8857330128905395,257.31972471264044,240.3755,279.2111129666913,252.37255763119097,-77.31972471264044,-60.37550354003906,-99.2111129666913,-72.37255763119097,77.31972471264044,60.37550354003906,99.2111129666913,72.37255763119097,42.955402618133576
2025-03-10,Monday,10,3,0,0,0,0,0,0,0,12.0,0.0,1.0,1.0,6.123233995736766e-17,0,0,11,69,126.0,180.0,90.0,303.0,335.0,325.0,368.0,191.0,106.92520750505972,303.0,90.0,272.42857142857144,115.1287064446524,443.0,90.0,274.5,90.51370486965374,443.0,90.0,318.75,107.39184912859636,508.0,90.0,235.26814472866,270.0336205884596,0.8520049145537809,263.02925054053975,244.53355,261.193290728229,283.36090681624177,-137.02925054053975,-118.53355407714844,-135.193290728229,-157.36090681624177,137.02925054053975,118.53355407714844,135.193290728229,157.36090681624177,108.7533734448728
2025-03-11,Tuesday,11,3,0,0,0,0,0,0,0,11.0,0.7818314824680298,0.6234898018587336,1.0,6.123233995736766e-17,0,0,11,70,108.0,126.0,180.0,90.0,321.0,319.0,381.0,132.0,45.29900661162568,180.0,90.0,242.57142857142856,123.02690375531245,443.0,90.0,260.2857142857143,97.34113572019136,443.0,90.0,308.1428571428572,111.3096163313423,508.0,90.0,207.95110854649496,250.8291378433317,0.7846580406654343,158.61427007146025,162.39607,144.7935586833122,168.65317914337325,-50.614270071460254,-54.39607238769531,-36.7935586833122,-60.65317914337325,50.614270071460254,54.39607238769531,36.7935586833122,60.65317914337325,46.86506488098171
2025-03-12,Wednesday,12,3,0,0,0,0,0,0,0,10.0,0.9749279121818236,-0.2225209339563143,1.0,6.123233995736766e-17,0,0,11,71,145.0,108.0,126.0,180.0,443.0,345.0,508.0,138.0,37.46998799039178,180.0,108.0,212.14285714285717,126.68258045396776,443.0,90.0,245.2142857142857,103.67937156402958,443.0,90.0,299.57142857142856,117.21093002106096,508.0,90.0,182.9633314098712,231.7852527975541,0.7057984790874525,154.49835036074793,137.74603,144.4018694667257,181.34714890067437,-9.498350360747935,7.25396728515625,0.5981305332742863,-36.34714890067437,9.498350360747935,7.25396728515625,0.5981305332742863,36.34714890067437,6.550586455688231
2025-03-13,Thursday,13,3,0,0,0,0,0,0,0,9.0,0.4338837391175582,-0.900968867902419,1.0,6.123233995736766e-17,0,0,11,72,53.0,145.0,108.0,126.0,235.0,220.0,318.0,126.33333333333331,18.502252115173505,145.0,108.0,169.57142857142858,76.17711192315022,303.0,90.0,230.92857142857144,102.64611670553003,443.0,90.0,288.57142857142856,116.73027744316212,508.0,90.0,173.4724985574034,220.21388575788023,0.5855944745929946,112.6261726966073,114.474655,108.48813276107,114.91573017738475,-59.6261726966073,-61.47465515136719,-55.488132761070005,-61.915730177384745,59.6261726966073,61.47465515136719,55.488132761070005,61.915730177384745,112.50221263510811
2025-03-14,Friday,14,3,0,0,0,0,0,0,0,8.0,-0.433883739117558,-0.9009688679024191,1.0,6.123233995736766e-17,0,0,11,73,77.0,53.0,145.0,108.0,303.0,270.0,447.0,102.0,46.29254799641211,145.0,53.0,143.57142857142858,81.02850762305071,303.0,53.0,219.0,113.17719259231052,443.0,53.0,279.10714285714283,124.7249831772743,508.0,53.0,143.35437391805254,197.9187009901629,0.5125589697819712,99.48102693453096,95.08232,99.71248838603096,103.64827125056974,-22.48102693453096,-18.082321166992188,-22.712488386030955,-26.648271250569735,22.48102693453096,18.082321166992188,22.712488386030955,26.648271250569735,29.196138876014235
2025-03-15,Saturday,15,3,0,0,1,0,0,0,0,7.0,-0.9749279121818236,-0.2225209339563146,1.0,6.123233995736766e-17,0,0,11,74,44.0,77.0,53.0,145.0,90.0,157.0,197.0,91.66666666666669,47.72141378179671,145.0,53.0,111.28571428571428,43.03376304606025,180.0,53.0,205.2142857142857,118.13302708350496,443.0,53.0,272.57142857142856,130.42762391213375,508.0,53.0,126.7657804385394,181.79620752480787,0.4067885117493473,76.5496558358461,73.6562,72.472296674983,83.52047423831701,-32.549655835846096,-29.65619659423828,-28.472296674983,-39.52047423831701,32.549655835846096,29.65619659423828,28.472296674983,39.52047423831701,73.97649053601386
2025-03-16,Sunday,16,3,0,0,1,0,0,0,0,6.0,-0.7818314824680299,0.6234898018587334,1.0,6.123233995736766e-17,0,0,11,75,230.0,44.0,77.0,53.0,180.0,300.0,508.0,58.0,17.058722109235983,77.0,44.0,104.71428571428572,49.80533534242209,180.0,44.0,197.14285714285717,125.3222658974468,443.0,44.0,268.75,135.5869612981794,508.0,44.0,106.07433532890455,163.4233798548335,0.3881901231298821,175.06150092189776,171.67319,164.82116131892604,188.69015419090792,54.93849907810224,58.326812744140625,65.17883868107396,41.30984580909208,54.93849907810224,58.326812744140625,65.17883868107396,41.30984580909208,23.886303947000975
2025-03-17,Monday,17,3,0,0,0,0,0,0,0,5.0,0.0,1.0,1.0,6.123233995736766e-17,0,0,12,76,407.0,230.0,44.0,77.0,126.0,335.0,325.0,117.0,99.24212815130537,230.0,44.0,111.85714285714286,63.97246431454622,230.0,44.0,192.14285714285717,122.2619238437628,443.0,44.0,262.60714285714283,133.20169593117694,508.0,44.0,137.0557514966784,172.3002625408557,0.4243327462403469,284.0601190547853,303.16592,292.29162085115223,256.7228122409381,122.93988094521472,103.83407592773438,114.70837914884777,150.27718775906192,122.93988094521472,103.83407592773438,114.70837914884777,150.27718775906192,30.206358954598212
2025-03-18,Tuesday,18,3,0,0,0,0,0,0,0,4.0,0.7818314824680298,0.6234898018587336,1.0,6.123233995736766e-17,0,0,12,77,337.0,407.0,230.0,44.0,108.0,321.0,319.0,227.0,181.5185940888703,407.0,44.0,152.0,129.2181617781846,407.0,44.0,197.28571428571428,130.0026204300565,443.0,44.0,264.0,134.54174624064237,508.0,44.0,204.5418136225088,203.59356086874163,0.5735849056603773,283.92149210048404,293.9604,292.86537735147743,264.93871076638084,53.078507899515955,43.03961181640625,44.134622648522566,72.06128923361916,53.078507899515955,43.03961181640625,44.134622648522566,72.06128923361916,15.75029907997506
2025-03-19,Wednesday,19,3,0,0,0,0,0,0,0,3.0,0.9749279121818236,-0.2225209339563143,1.0,6.123233995736766e-17,0,0,12,78,482.0,337.0,407.0,230.0,145.0,443.0,345.0,324.6666666666667,89.14220848359852,407.0,230.0,184.7142857142857,144.32684467983734,407.0,44.0,198.42857142857144,131.23831188145684,443.0,44.0,262.42857142857144,133.37650094859637,508.0,44.0,237.6563602168816,221.3810860862428,0.7011930585683297,390.6758953021925,398.58524,409.06371118263905,364.3787391282354,91.32410469780751,83.41476440429688,72.93628881736095,117.6212608717646,91.32410469780751,83.41476440429688,72.93628881736095,117.6212608717646,18.946909688341805
2025-03-20,Thursday,20,3,0,0,0,0,0,0,0,2.0,0.4338837391175582,-0.900968867902419,1.0,6.123233995736766e-17,0,0,12,79,259.0,482.0,337.0,407.0,53.0,235.0,220.0,408.6666666666667,72.51436639269014,482.0,337.0,232.8571428571429,180.53571075314355,482.0,44.0,201.2142857142857,137.11150912328972,482.0,44.0,261.5,131.6832619640074,508.0,44.0,298.7422701626612,256.13027460807706,0.8870748299319728,270.75405195722493,273.92886,277.3496408189583,260.983651527326,-11.754051957224931,-14.928863525390625,-18.349640818958278,-1.9836515273260034,11.754051957224931,14.928863525390625,18.349640818958278,1.9836515273260034,4.538243998928545
2025-03-21,Friday,21,3,0,0,0,0,0,0,1,1.0,-0.433883739117558,-0.9009688679024191,1.0,6.123233995736766e-17,0,0,12,80,302.0,259.0,482.0,337.0,77.0,303.0,270.0,359.3333333333333,113.16507117186526,482.0,259.0,262.2857142857143,162.1888963376901,482.0,44.0,202.92857142857144,137.7151264166579,482.0,44.0,259.3928571428572,131.21690814878588,508.0,44.0,288.8067026219959,256.51290466033345,1.0072692360444382,255.69294493771497,264.72238,265.0023041363358,237.35414908501218,46.30705506228503,37.277618408203125,36.997695863664205,64.64585091498782,46.30705506228503,37.277618408203125,36.997695863664205,64.64585091498782,15.333461941153985
2025-03-22,Saturday,22,3,0,0,1,1,0,0,1,0.0,-0.9749279121818236,-0.2225209339563146,1.0,6.123233995736766e-17,0,0,12,81,118.0,302.0,259.0,482.0,44.0,90.0,157.0,347.6666666666667,118.30610015266896,482.0,259.0,294.42857142857144,140.14618218471853,482.0,44.0,202.8571428571429,137.6594779451524,482.0,44.0,254.2142857142857,126.30807637966022,508.0,44.0,292.1050269664969,262.5778507056223,1.1536523929471032,151.48766061623922,155.40799,156.29369409355144,142.7612982532131,-33.487660616239225,-37.407989501953125,-38.29369409355144,-24.761298253213113,33.487660616239225,37.407989501953125,38.29369409355144,24.761298253213113,28.379373403592567
2025-03-23,Sunday,23,3,0,0,1,1,0,0,0,0.0,-0.7818314824680299,0.6234898018587334,1.0,6.123233995736766e-17,0,0,12,82,347.0,118.0,302.0,259.0,230.0,180.0,300.0,226.33333333333331,96.25140691612457,302.0,118.0,305.0,119.35660853090602,482.0,118.0,204.8571428571429,136.08812594042894,482.0,44.0,251.39285714285717,128.4968191811862,508.0,44.0,248.57877022487267,243.30080394487268,1.2084335644545068,283.5785583984979,279.94574,302.89409261589583,267.89584283350405,63.421441601502124,67.05426025390625,44.10590738410417,79.10415716649595,63.421441601502124,67.05426025390625,44.10590738410417,79.10415716649595,18.2770725076375
2025-03-24,Monday,24,3,0,1,0,0,0,0,0,5.0,0.0,1.0,1.0,6.123233995736766e-17,0,0,13,83,432.0,347.0,118.0,302.0,407.0,126.0,335.0,255.66666666666663,121.32738080636776,347.0,118.0,321.7142857142857,115.2240054353753,482.0,118.0,216.78571428571428,140.9730899424146,482.0,44.0,245.64285714285717,119.90373122594929,482.0,44.0,273.1840776686545,257.1273634188897,1.3043730089777006,314.53641456920883,306.28558,312.4786659961023,324.84499421543046,117.46358543079117,125.71441650390625,119.52133400389772,107.15500578456954,117.46358543079117,125.71441650390625,119.52133400389772,107.15500578456954,27.190644775646106
2025-03-25,Tuesday,25,3,0,1,0,0,0,0,0,4.0,0.7818314824680298,0.6234898018587336,1.0,6.123233995736766e-17,0,0,13,84,331.0,432.0,347.0,118.0,337.0,108.0,321.0,299.0,162.40997506311,432.0,118.0,325.2857142857143,118.64472777402038,482.0,118.0,238.64285714285717,149.29094317568544,482.0,44.0,249.4642857142857,124.15625821933575,482.0,44.0,312.88805825149086,280.44371496303773,1.2987309282760586,264.9736408549163,252.47408,267.43975106574914,275.00709618161704,66.02635914508369,78.52592468261719,63.560248934250865,55.992903818382956,66.02635914508369,78.52592468261719,63.560248934250865,55.992903818382956,19.947540527215615
2025-03-26,Wednesday,26,3,0,1,0,0,0,0,0,3.0,0.9749279121818236,-0.2225209339563143,1.0,6.123233995736766e-17,0,0,13,85,479.0,331.0,432.0,347.0,482.0,145.0,443.0,370.0,54.286278192559706,432.0,331.0,324.42857142857144,118.56764193609354,482.0,118.0,254.57142857142856,146.14308809451856,482.0,44.0,249.89285714285717,124.42559558217415,482.0,44.0,317.4160436886182,287.18455296796606,1.2930960854092528,415.9693163438992,417.4952,432.9912684289623,397.421471862501,63.03068365610079,61.504791259765625,46.008731571037686,81.578528137499,63.03068365610079,61.504791259765625,46.008731571037686,81.578528137499,13.158806608789309
2025-03-27,Thursday,27,3,0,1,0,0,0,0,0,2.0,0.4338837391175582,-0.900968867902419,1.0,6.123233995736766e-17,0,0,13,86,248.0,479.0,331.0,432.0,259.0,53.0,235.0,414.0,75.62407024221827,479.0,331.0,324.0,117.90674280973066,479.0,118.0,278.42857142857144,153.93440875191683,482.0,44.0,254.67857142857144,130.64088565717446,482.0,44.0,357.81203276646363,312.7599459055706,1.2672160916329096,243.51746597695043,249.32294,239.0578259128787,242.17163500625387,4.482534023049567,-1.32293701171875,8.942174087121288,5.828364993746135,4.482534023049567,1.32293701171875,8.942174087121288,5.828364993746135,1.8074733963909544
2025-03-28,Friday,28,3,0,1,0,0,0,0,0,1.0,-0.433883739117558,-0.9009688679024191,1.0,6.123233995736766e-17,0,0,13,87,257.0,248.0,479.0,331.0,302.0,77.0,303.0,352.6666666666667,117.0142441471692,479.0,248.0,322.42857142857144,118.98579346972066,479.0,118.0,292.35714285714283,140.1749495577455,482.0,44.0,255.67857142857144,130.47266027549605,482.0,44.0,330.3590245748477,304.1252864514945,1.256156950048699,263.51768056370656,269.76123,253.80856745973634,266.9832437626333,-6.517680563706563,-12.76123046875,3.191432540263662,-9.983243762633322,6.517680563706563,12.76123046875,3.191432540263662,9.983243762633322,2.5360624761504136
2025-03-29,Saturday,29,3,0,1,1,1,0,0,0,0.0,-0.9749279121818236,-0.2225209339563146,1.0,6.123233995736766e-17,1,0,13,88,88.0,257.0,248.0,479.0,118.0,44.0,90.0,328.0,130.84723917607127,479.0,248.0,316.0,121.4633003558412,479.0,118.0,305.2142857142857,126.4893905988401,482.0,44.0,255.2142857142857,130.44293690483863,482.0,44.0,312.01926843113574,297.8419149246285,1.233342626149986,129.4043604540202,129.02057,136.6867964563111,122.5057160580933,-41.40436045402021,-41.02056884765625,-48.6867964563111,-34.5057160580933,41.40436045402021,41.02056884765625,48.6867964563111,34.5057160580933,47.05040960684114
2025-03-30,Sunday,30,3,0,1,1,1,0,0,0,0.0,-0.7818314824680299,0.6234898018587334,1.0,6.123233995736766e-17,1,0,13,89,251.0,88.0,257.0,248.0,347.0,230.0,180.0,197.66666666666663,95.08066750572064,257.0,88.0,311.7142857142857,129.85339719046522,479.0,88.0,308.35714285714283,119.87339933501458,482.0,88.0,252.75,132.99390824255656,482.0,44.0,256.0144513233518,269.8629929346781,1.2284306826178748,223.4581720904433,216.03561,232.92948434921882,221.40941790843925,27.5418279095567,34.964385986328125,18.070515650781175,29.590582091560748,27.5418279095567,34.964385986328125,18.070515650781175,29.590582091560748,10.972839804604263
2025-03-31,Monday,31,3,0,1,0,1,0,0,0,0.0,0.0,1.0,1.0,6.123233995736766e-17,0,0,14,90,275.0,251.0,88.0,257.0,432.0,407.0,126.0,198.66666666666663,95.88708637420058,257.0,88.0,298.0,130.57309574844763,479.0,88.0,309.85714285714283,118.945273222512,482.0,88.0,251.0,132.67113336980864,482.0,44.0,254.76083849251387,267.3479272100544,1.1825396825396826,288.36583804504136,289.058,286.5689685211826,289.47053169792594,-13.365838045041357,-14.058013916015625,-11.568968521182626,-14.470531697925935,13.365838045041357,14.058013916015625,11.568968521182626,14.470531697925935,4.860304743651403
2025-04-01,Tuesday,1,4,1,0,0,0,0,0,0,4.0,0.7818314824680298,0.6234898018587336,0.8660254037844387,-0.4999999999999998,0,0,14,91,342.0,275.0,251.0,88.0,331.0,337.0,108.0,204.66666666666663,101.746416808325,275.0,88.0,275.57142857142856,116.4386206589218,479.0,88.0,300.42857142857144,115.84386991896552,482.0,88.0,248.8571428571429,131.74546567099625,482.0,44.0,259.8206288693854,268.3682035820471,1.1029159519725558,280.9959202322553,279.066,266.46750429104617,297.45424688423526,61.00407976774471,62.933990478515625,75.53249570895383,44.54575311576474,61.00407976774471,62.933990478515625,75.53249570895383,44.54575311576474,17.83745022448676
2025-04-02,Wednesday,2,4,1,0,0,0,0,0,0,3.0,0.9749279121818236,-0.2225209339563143,0.8660254037844387,-0.4999999999999998,0,0,14,92,480.0,342.0,275.0,251.0,479.0,482.0,145.0,289.3333333333333,47.16283847833331,342.0,251.0,277.1428571428572,117.3817540782046,479.0,88.0,300.7857142857143,115.97292692788167,482.0,88.0,249.6071428571429,132.23025352425924,482.0,44.0,280.36547165203905,278.18577643777417,1.105885706142226,423.7032496922196,432.3529,416.62057819112556,422.1362656120958,56.29675030778043,47.6470947265625,63.37942180887444,57.863734387904174,56.29675030778043,47.6470947265625,63.37942180887444,57.863734387904174,11.728489647454257
2025-04-03,Thursday,3,4,1,0,0,0,0,0,0,2.0,0.4338837391175582,-0.900968867902419,0.8660254037844387,-0.4999999999999998,0,0,14,93,286.0,480.0,342.0,275.0,248.0,259.0,53.0,365.6666666666667,104.5291028055504,480.0,275.0,277.2857142857143,117.66862267361114,480.0,88.0,300.6428571428572,115.73351827689012,480.0,88.0,250.92857142857144,134.40153454024406,482.0,44.0,330.2741037390293,305.0943395794043,1.1006521122767223,274.4174225756641,270.8578,285.92179376989225,266.4726858711625,11.58257742433591,15.1422119140625,0.07820623010775307,19.527314128837475,11.58257742433591,15.1422119140625,0.07820623010775307,19.527314128837475,4.049852246271297
2025-04-04,Friday,4,4,1,0,0,0,0,0,0,1.0,-0.433883739117558,-0.9009688679024191,0.8660254037844387,-0.4999999999999998,0,0,14,94,307.0,286.0,480.0,342.0,257.0,302.0,77.0,369.3333333333333,99.846548930513,480.0,286.0,282.7142857142857,116.96682476342605,480.0,88.0,302.57142857142856,115.20998506787797,480.0,88.0,252.75,134.52319777919595,482.0,44.0,319.205577804272,302.54842763548373,1.1141449683321605,278.0607250669387,280.78033,288.31175219610145,265.09008853205836,28.939274933061313,26.21966552734375,18.68824780389855,41.90991146794164,28.939274933061313,26.21966552734375,18.68824780389855,41.90991146794164,9.426473919563946
2025-04-05,Saturday,5,4,1,0,1,1,0,0,0,0.0,-0.9749279121818236,-0.2225209339563146,0.8660254037844387,-0.4999999999999998,0,1,14,95,117.0,307.0,286.0,480.0,88.0,118.0,44.0,357.6666666666667,106.46282606305982,480.0,286.0,289.85714285714283,116.66108830201034,480.0,88.0,302.92857142857144,115.21582709500817,480.0,88.0,252.89285714285717,134.58064889946468,482.0,44.0,316.154183353204,303.14197061741925,1.1416514277676184,146.38923878798292,142.7027,160.24306564484922,136.22195296519328,-29.38923878798292,-25.70269775390625,-43.243065644849224,-19.22195296519328,29.38923878798292,25.70269775390625,43.243065644849224,19.22195296519328,25.11900751109651
2025-04-06,Sunday,6,4,1,0,1,1,0,0,0,0.0,-0.7818314824680299,0.6234898018587334,0.8660254037844387,-0.4999999999999998,0,1,14,96,294.0,117.0,307.0,286.0,251.0,347.0,230.0,236.66666666666663,104.164933318912,307.0,117.0,294.0,108.5295658641764,480.0,117.0,302.85714285714283,115.33953698194212,480.0,88.0,253.8571428571429,133.46235820710268,482.0,44.0,266.36563751490297,278.3230412017634,1.1535874439461884,288.22377949382275,272.1057,307.1166846193413,285.44894097150194,5.776220506177253,21.894287109375,-13.1166846193413,8.55105902849806,5.776220506177253,21.894287109375,13.1166846193413,8.55105902849806,1.9647008524412426
2025-04-07,Monday,7,4,1,0,0,0,0,0,0,3.0,0.0,1.0,0.8660254037844387,-0.4999999999999998,0,0,15,97,398.0,294.0,117.0,307.0,275.0,432.0,407.0,239.33333333333331,106.1429853232581,307.0,117.0,300.1428571428572,106.89469673691084,480.0,117.0,299.07142857142856,114.64692574342143,480.0,88.0,257.92857142857144,132.86331839774778,482.0,44.0,273.2742281361772,280.4133023748616,1.1591724137931034,342.1336102543246,327.8262,338.9673671327049,359.60726123769086,55.866389745675406,70.17379760742188,59.03263286729509,38.392738762309136,55.866389745675406,70.17379760742188,59.03263286729509,38.392738762309136,14.036781343134525
2025-04-08,Tuesday,8,4,0,0,0,0,0,0,0,2.0,0.7818314824680298,0.6234898018587336,0.8660254037844387,-0.4999999999999998,0,0,15,98,329.0,398.0,294.0,117.0,342.0,331.0,337.0,269.6666666666667,142.07157820385248,398.0,117.0,317.7142857142857,112.05759573498234,480.0,117.0,296.6428571428572,111.94271003361644,480.0,88.0,267.6428571428572,132.80372994698084,482.0,44.0,304.4556711021329,296.09152872488005,1.1826641850571655,294.3941513237127,281.4936,288.7091672786015,312.9796953839428,34.60584867628728,47.50640869140625,40.29083272139849,16.020304616057217,34.60584867628728,47.50640869140625,40.29083272139849,16.020304616057217,10.518495038385192
2025-04-09,Wednesday,9,4,0,0,0,0,0,0,0,1.0,0.9749279121818236,-0.2225209339563143,0.8660254037844387,-0.4999999999999998,0,0,15,99,390.0,329.0,398.0,294.0,480.0,479.0,482.0,340.3333333333333,52.91817583149804,398.0,294.0,315.85714285714283,111.69516338592956,480.0,117.0,296.5,111.89675873493664,480.0,88.0,275.5357142857143,129.49030627035117,482.0,44.0,310.5917533265997,300.4793248948961,1.1421929484695854,438.2655941084215,431.8093,425.67278160174845,457.31470506921914,-48.26559410842151,-41.809295654296875,-35.672781601748454,-67.31470506921914,48.26559410842151,41.809295654296875,35.672781601748454,67.31470506921914,12.37579336113372
2025-04-10,Thursday,10,4,0,0,0,1,0,0,0,0.0,0.4338837391175582,-0.900968867902419,0.8660254037844387,-0.4999999999999998,0,0,15,100,260.0,390.0,329.0,398.0,286.0,248.0,259.0,372.3333333333333,37.740340927624494,398.0,329.0,303.0,93.32023717643789,398.0,117.0,290.1428571428572,102.89715339028666,480.0,88.0,284.2857142857143,128.6176812748071,482.0,44.0,330.4438149949498,312.41541490890995,1.0620931397095643,242.33367081070173,241.20386,238.992152009439,246.8050030007912,17.666329189298267,18.796142578125,21.007847990561004,13.194996999208797,17.666329189298267,18.796142578125,21.007847990561004,13.194996999208797,6.794741995883949
2025-04-11,Friday,11,4,0,0,0,0,0,0,0,1.0,-0.433883739117558,-0.9009688679024191,0.8660254037844387,-0.4999999999999998,0,0,15,101,306.0,260.0,390.0,329.0,307.0,257.0,302.0,326.3333333333333,65.04101270224311,390.0,260.0,299.2857142857143,94.6180290883898,398.0,117.0,291.0,102.56855118557392,480.0,88.0,291.67857142857144,120.52571681055602,482.0,44.0,312.8328612462124,305.4266929210553,1.022574740695546,246.88921497878596,251.23308,233.22425862086928,256.210308312559,59.11078502121404,54.76692199707031,72.77574137913072,49.78969168744101,59.11078502121404,54.76692199707031,72.77574137913072,49.78969168744101,19.317250006932692
2025-04-12,Saturday,12,4,0,0,1,1,0,0,0,0.0,-0.9749279121818236,-0.2225209339563146,0.8660254037844387,-0.4999999999999998,0,0,15,102,116.0,306.0,260.0,390.0,117.0,88.0,118.0,318.6666666666667,65.91914238924345,390.0,260.0,299.1428571428572,94.60519466257024,398.0,117.0,294.5,102.15429506388854,480.0,88.0,299.85714285714283,112.95023954714108,482.0,44.0,311.12464593465927,305.5031338649146,0.9943019943019944,136.7779930435161,130.38072,136.21273594186698,143.74052114278285,-20.77799304351609,-14.380722045898438,-20.21273594186698,-27.740521142782853,20.77799304351609,14.380722045898438,20.21273594186698,27.740521142782853,17.91206296854835
2025-04-13,Sunday,13,4,0,0,1,1,0,0,0,0.0,-0.7818314824680299,0.6234898018587334,0.8660254037844387,-0.4999999999999998,0,0,15,103,287.0,116.0,306.0,260.0,294.0,251.0,347.0,227.33333333333331,99.122819437975,306.0,116.0,299.0,94.9262871916939,398.0,116.0,296.5,97.98959913409963,480.0,116.0,302.42857142857144,107.60263956951977,482.0,88.0,262.3434844509944,280.23604934959263,0.9854048964218456,269.27059172308327,247.62856,282.76034781486624,277.422872056532,17.72940827691673,39.37144470214844,4.239652185133764,9.577127943467985,17.72940827691673,39.37144470214844,4.239652185133764,9.577127943467985,6.177494173141717
2025-04-14,Monday,14,4,0,0,0,0,0,0,0,4.0,0.0,1.0,0.8660254037844387,-0.4999999999999998,0,0,16,104,287.0,287.0,116.0,306.0,398.0,275.0,432.0,236.33333333333331,104.6438403984362,306.0,116.0,298.0,95.0245582292631,398.0,116.0,299.07142857142856,97.17269661295282,480.0,116.0,304.4642857142857,106.7171693440384,482.0,88.0,268.50761333824585,281.13790943631363,0.9755641295451888,312.92342955810864,305.73782,298.9268702727685,334.10559491522935,-25.923429558108637,-18.737823486328125,-11.926870272768497,-47.10559491522935,25.923429558108637,18.737823486328125,11.926870272768497,47.10559491522935,9.032553852999525
2025-04-15,Tuesday,15,4,0,0,0,0,0,0,0,3.0,0.7818314824680298,0.6234898018587336,0.8660254037844387,-0.4999999999999998,0,0,16,105,321.0,287.0,287.0,116.0,329.0,342.0,331.0,230.0,98.7268960314263,287.0,116.0,282.1428571428572,84.20100666743511,390.0,116.0,299.92857142857144,96.99679953936176,480.0,116.0,300.17857142857144,104.83993216165923,482.0,88.0,273.1307100036844,281.9195215114718,0.9367959207873828,290.1949952142401,275.61646,283.7557053603339,311.2128252042615,30.805004785759877,45.383544921875,37.24429463966612,9.787174795738508,30.805004785759877,45.383544921875,37.24429463966612,9.787174795738508,9.596574699613669
2025-04-16,Wednesday,16,4,0,0,0,0,0,0,0,2.0,0.9749279121818236,-0.2225209339563143,0.8660254037844387,-0.4999999999999998,0,0,16,106,482.0,321.0,287.0,287.0,390.0,480.0,479.0,298.3333333333333,19.629909152447283,321.0,287.0,281.0,83.51047838445142,390.0,116.0,298.42857142857144,96.45701656155477,480.0,116.0,299.60714285714283,104.67527893998638,482.0,88.0,285.0980325027633,287.1302519766089,0.9347748604015684,444.4761381714348,437.79724,445.69288403613035,449.9382892672365,37.5238618285652,44.2027587890625,36.30711596386965,32.061710732763515,37.5238618285652,44.2027587890625,36.30711596386965,32.061710732763515,7.785033574391122
2025-04-17,Thursday,17,4,0,0,0,0,0,0,0,1.0,0.4338837391175582,-0.900968867902419,0.8660254037844387,-0.4999999999999998,0,0,16,107,306.0,482.0,321.0,287.0,260.0,286.0,248.0,363.3333333333333,104.16493331891178,482.0,287.0,294.1428571428572,107.3583230299797,482.0,116.0,298.57142857142856,96.74766090252466,482.0,116.0,299.60714285714283,104.67527893998638,482.0,88.0,334.3235243770725,313.1128850463944,0.9784959011524298,232.95750666351958,221.08037,224.74215595564462,253.0499959929219,73.04249333648042,84.91963195800781,81.25784404435538,52.95000400707809,73.04249333648042,84.91963195800781,81.25784404435538,52.95000400707809,23.87009586159491
2025-04-18,Friday,18,4,0,0,0,1,0,0,0,0.0,-0.433883739117558,-0.9009688679024191,0.8660254037844387,-0.4999999999999998,0,0,16,108,274.0,306.0,482.0,321.0,306.0,307.0,257.0,369.6666666666667,97.57219549304678,482.0,306.0,300.7142857142857,106.32295814437906,482.0,116.0,300.0,96.6953980290686,482.0,116.0,301.2857142857143,104.37640472076914,482.0,88.0,327.24264328280435,312.16450037354184,0.9948015122873346,268.55238647157006,262.49426,264.38741633250044,278.77548038689724,5.44761352842994,11.5057373046875,9.612583667499564,-4.775480386897243,5.44761352842994,11.5057373046875,9.612583667499564,4.775480386897243,1.9881801198649418
2025-04-19,Saturday,19,4,0,0,1,1,0,0,1,0.0,-0.9749279121818236,-0.2225209339563146,0.8660254037844387,-0.4999999999999998,0,0,16,109,110.0,274.0,306.0,482.0,116.0,117.0,88.0,354.0,112.0,482.0,274.0,296.1428571428572,106.744911777921,482.0,116.0,297.6428571428572,96.9136071599198,482.0,116.0,300.2857142857143,104.50336062037584,482.0,88.0,313.9319824621033,307.0759003237363,0.9829302987197726,126.30735283005345,122.14624,131.92809621805188,124.84772203773343,-16.307352830053446,-12.146240234375,-21.928096218051877,-14.847722037733433,16.307352830053446,12.146240234375,21.928096218051877,14.847722037733433,14.824866209139497
2025-04-20,Sunday,20,4,0,0,1,1,0,0,1,0.0,-0.7818314824680299,0.6234898018587334,0.8660254037844387,-0.4999999999999998,0,0,16,110,377.0,110.0,274.0,306.0,287.0,294.0,251.0,230.0,105.14751542475936,306.0,110.0,295.2857142857143,108.44309457916032,482.0,110.0,297.1428571428572,97.93000415748853,482.0,110.0,300.0,105.0298017672089,482.0,88.0,262.94898684657744,280.7991136139048,0.981015662078785,230.966648578094,210.72879,254.2278581249758,227.9432973261031,146.033351421906,166.27120971679688,122.7721418750242,149.0567026738969,146.033351421906,166.27120971679688,122.7721418750242,149.0567026738969,38.73563698193793
2025-04-21,Monday,21,4,0,0,0,0,0,0,0,14.0,0.0,1.0,0.8660254037844387,-0.4999999999999998,0,0,17,111,310.0,377.0,110.0,274.0,287.0,398.0,275.0,253.66666666666663,134.65635274034915,377.0,110.0,308.1428571428572,112.55432550762389,482.0,110.0,303.07142857142856,100.21090397120108,482.0,110.0,301.07142857142856,105.67803253678836,482.0,88.0,291.46174013493305,293.6258984653842,1.02009931425869,290.1456088993361,273.9749,297.42525232269145,299.03665982453543,19.854391100663918,36.02508544921875,12.574747677308551,10.963340175464566,19.854391100663918,36.02508544921875,12.574747677308551,10.963340175464566,6.4046422905367475
2025-04-22,Tuesday,22,4,0,0,0,0,0,0,0,13.0,0.7818314824680298,0.6234898018587336,0.8660254037844387,-0.4999999999999998,0,0,17,112,352.0,310.0,377.0,110.0,321.0,329.0,342.0,265.6666666666667,138.91124264555887,377.0,110.0,311.42857142857144,112.1693023110706,482.0,110.0,296.7857142857143,96.48928084860684,482.0,110.0,296.7142857142857,102.54858185373205,482.0,88.0,296.0963051011998,295.809112003333,1.0460652591170825,286.2446962844597,271.28458,279.1788936960632,308.2706187413002,65.75530371554032,80.71542358398438,72.8211063039368,43.72938125869979,65.75530371554032,80.71542358398438,72.8211063039368,43.72938125869979,18.68048401009668
2025-04-23,Wednesday,23,4,0,0,0,0,0,0,0,12.0,0.9749279121818236,-0.2225209339563143,0.8660254037844387,-0.4999999999999998,0,0,17,113,502.0,352.0,310.0,377.0,482.0,390.0,480.0,346.3333333333333,33.85754470326124,377.0,310.0,315.85714285714283,113.21723745588756,482.0,110.0,298.42857142857144,97.27258629211032,482.0,110.0,297.4642857142857,102.88486270363056,482.0,88.0,310.07222882589986,303.3012304028886,1.0582745004188103,446.59224776629395,436.03232,456.83811510696813,446.9063100766793,55.40775223370605,65.96768188476562,45.16188489303187,55.09368992332071,55.40775223370605,65.96768188476562,45.16188489303187,55.09368992332071,11.03740084336774
2025-04-24,Thursday,24,4,0,1,0,0,0,0,0,11.0,0.4338837391175582,-0.900968867902419,0.8660254037844387,-0.4999999999999998,0,0,17,114,405.0,502.0,352.0,310.0,306.0,260.0,286.0,388.0,100.93562304756432,502.0,310.0,318.7142857142857,118.24933302942868,502.0,110.0,306.42857142857144,109.25109700960536,502.0,110.0,298.2857142857143,104.4675590768294,502.0,88.0,358.0541716194249,329.79439968250347,1.0649164677804297,268.27221972217376,261.1457,274.9156955583319,268.75527269022064,136.72778027782624,143.85430908203125,130.0843044416681,136.24472730977936,136.72778027782624,143.85430908203125,130.0843044416681,136.24472730977936,33.75994574761142
2025-04-25,Friday,25,4,0,1,0,0,0,0,0,10.0,-0.433883739117558,-0.9009688679024191,0.8660254037844387,-0.4999999999999998,0,0,17,115,394.0,405.0,502.0,352.0,274.0,306.0,307.0,419.6666666666667,76.06795207795024,502.0,352.0,332.85714285714283,122.32528843406084,502.0,110.0,316.7857142857143,111.36369976960012,502.0,110.0,303.8928571428572,105.872508684918,502.0,88.0,369.7906287145687,339.8218130581697,1.0917184022490334,330.4183368011827,326.88556,329.0175017695318,335.35194955198506,63.581663198817296,67.11444091796875,64.9824982304682,58.64805044801494,63.581663198817296,67.11444091796875,64.9824982304682,58.64805044801494,16.13747796924297
2025-04-26,Saturday,26,4,0,1,1,0,0,1,0,9.0,-0.9749279121818236,-0.2225209339563146,0.8660254037844387,-0.4999999999999998,1,0,17,116,180.0,394.0,405.0,502.0,110.0,116.0,117.0,433.6666666666667,59.43343615620195,502.0,394.0,350.0,121.10463795137386,502.0,110.0,323.07142857142856,113.17682848310652,502.0,110.0,308.7857142857143,106.786861843739,502.0,88.0,375.8429715359265,347.04557131708043,1.129813234955038,190.25241182410824,186.35129,197.03897809437473,187.36696953615314,-10.252411824108236,-6.351287841796875,-17.038978094374727,-7.366969536153135,10.252411824108236,6.351287841796875,17.038978094374727,7.366969536153135,5.695784346726797
2025-04-27,Sunday,27,4,0,1,1,0,0,1,0,8.0,-0.7818314824680299,0.6234898018587334,0.8660254037844387,-0.4999999999999998,1,0,17,117,488.0,180.0,394.0,405.0,377.0,287.0,294.0,326.3333333333333,126.8476776820661,405.0,180.0,360.0,98.8247607299575,502.0,180.0,327.6428571428572,105.1794123923917,502.0,110.0,312.07142857142856,101.00052386055113,502.0,110.0,326.88222865194484,324.7728284748031,1.1498973305954827,380.47576315079147,376.87656,409.4180801584866,355.13265289740343,107.52423684920853,111.12344360351562,78.58191984151341,132.86734710259657,107.52423684920853,111.12344360351562,78.58191984151341,132.86734710259657,22.033655092050928
2025-04-28,Monday,28,4,0,1,0,0,0,1,0,7.0,0.0,1.0,0.8660254037844387,-0.4999999999999998,0,0,18,118,300.0,488.0,180.0,394.0,310.0,287.0,398.0,354.0,157.84802817900513,488.0,180.0,375.8571428571428,110.25187613132134,502.0,180.0,342.0,112.65741124174794,502.0,110.0,320.5357142857143,105.52250317941008,502.0,110.0,367.1616714889586,346.53645134482935,1.1689436854381872,299.06157136956944,288.18906,322.11770769235943,286.8779500198644,0.9384286304305647,11.810943603515625,-22.11770769235943,13.122049980135614,0.9384286304305647,11.810943603515625,22.11770769235943,13.122049980135614,0.3128095434768549
2025-04-29,Tuesday,29,4,0,1,0,0,0,1,0,6.0,0.7818314824680298,0.6234898018587336,0.8660254037844387,-0.4999999999999998,0,0,18,119,269.0,300.0,488.0,180.0,352.0,321.0,329.0,322.6666666666667,155.24604128071456,488.0,180.0,374.4285714285714,111.30716829695088,502.0,180.0,342.92857142857144,112.2219396386631,502.0,110.0,321.42857142857144,105.22829804284892,502.0,110.0,350.37125361671895,340.3315911655188,1.1612760301284892,347.7394090750836,347.285,360.4432282643745,335.489995298767,-78.73940907508359,-78.28500366210938,-91.44322826437451,-66.48999529876698,78.73940907508359,78.28500366210938,91.44322826437451,66.48999529876698,29.271155789993898
2025-04-30,Wednesday,30,4,0,1,0,0,0,1,0,5.0,0.9749279121818236,-0.2225209339563143,0.8660254037844387,-0.4999999999999998,0,0,18,120,468.0,269.0,300.0,488.0,502.0,482.0,390.0,352.3333333333333,118.50879010998857,488.0,269.0,362.57142857142856,118.29603704669232,502.0,180.0,339.2142857142857,113.85225147020664,502.0,110.0,318.82142857142856,105.60339976690132,502.0,110.0,330.0284402125392,330.8207123434496,1.1336683417085427,423.1761922041948,417.79092,420.2257023637951,431.5119501765238,44.82380779580518,50.209075927734375,47.77429763620489,36.48804982347622,44.82380779580518,50.209075927734375,47.77429763620489,36.48804982347622,9.57773670850538
2025-05-01,Thursday,1,5,1,0,0,0,0,1,0,4.0,0.4338837391175582,-0.900968867902419,0.4999999999999999,-0.8660254037844387,0,0,18,121,175.0,468.0,269.0,300.0,405.0,306.0,260.0,345.6666666666667,107.07162711630622,468.0,269.0,357.7142857142857,112.15571658147782,488.0,180.0,338.2142857142857,112.55574931249276,502.0,110.0,318.3928571428572,104.94737280275764,502.0,110.0,364.5213301594044,349.1112840309896,1.119982108911998,328.73599128404345,326.29205,318.9513031958359,340.96461743363835,-153.73599128404345,-151.29205322265625,-143.95130319583592,-165.96461743363835,153.73599128404345,151.29205322265625,143.95130319583592,165.96461743363835,87.84913787659626
2025-05-02,Friday,2,5,1,0,0,0,0,1,0,3.0,-0.433883739117558,-0.9009688679024191,0.4999999999999999,-0.8660254037844387,0,0,18,122,103.0,175.0,468.0,269.0,394.0,274.0,306.0,304.0,149.60280746028795,468.0,175.0,324.85714285714283,128.49439491203307,488.0,175.0,328.85714285714283,120.59777848627304,502.0,110.0,314.42857142857144,108.26046389300194,502.0,110.0,317.1409976195533,325.896446160191,1.029891304347826,346.18028437081557,367.94614,331.8875467977737,338.7071698400638,-243.18028437081557,-264.9461364746094,-228.88754679777372,-235.70716984006378,243.18028437081557,264.9461364746094,228.88754679777372,235.70716984006378,236.09736346681123
2025-05-03,Saturday,3,5,1,0,1,0,0,1,0,2.0,-0.9749279121818236,-0.2225209339563146,0.4999999999999999,-0.8660254037844387,0,1,18,123,68.0,103.0,175.0,468.0,180.0,110.0,116.0,248.66666666666663,193.32959766505832,468.0,103.0,283.2857142857143,147.9906689465185,488.0,103.0,316.6428571428572,134.4456465198181,502.0,103.0,307.1428571428572,115.40739891734698,502.0,103.0,263.60574821466497,296.17692000549886,0.9193324061196104,134.31861012407464,129.61424,102.98324595260915,170.35834186590387,-66.31861012407464,-61.61424255371094,-34.98324595260915,-102.35834186590387,66.31861012407464,61.61424255371094,34.98324595260915,102.35834186590387,97.52736782952152
2025-05-04,Sunday,4,5,1,0,1,0,0,1,0,1.0,-0.7818314824680299,0.6234898018587334,0.4999999999999999,-0.8660254037844387,0,1,18,124,191.0,68.0,103.0,175.0,488.0,377.0,287.0,115.33333333333331,54.55578185062815,175.0,68.0,267.2857142857143,165.97963156736438,488.0,68.0,313.6428571428572,139.77432753321563,502.0,68.0,305.3928571428572,118.7213791741648,502.0,68.0,214.7043111609987,265.7533306714324,0.8723627462408206,157.95554177423023,159.10464,144.78848093411477,169.97349961318523,33.04445822576977,31.895355224609375,46.21151906588523,21.026500386814774,33.04445822576977,31.895355224609375,46.21151906588523,21.026500386814774,17.30076346898941
2025-05-05,Monday,5,5,1,0,0,1,0,0,0,0.0,0.0,1.0,0.4999999999999999,-0.8660254037844387,0,0,19,125,93.0,191.0,68.0,103.0,300.0,310.0,287.0,120.66666666666669,63.374547993128346,191.0,68.0,224.8571428571429,135.2767885625964,468.0,68.0,300.35714285714283,142.10917100425465,502.0,68.0,301.7142857142857,120.66723669075192,502.0,68.0,208.77823337074904,255.7862199152414,0.7428032090608777,203.73291366286787,203.42152,193.97662622891067,213.80059071184138,-110.73291366286787,-110.42152404785156,-100.97662622891067,-120.80059071184138,110.73291366286787,110.42152404785156,100.97662622891067,120.80059071184138,119.06764909985792
2025-05-06,Tuesday,6,5,1,0,0,1,0,0,0,0.0,0.7818314824680298,0.6234898018587336,0.4999999999999999,-0.8660254037844387,0,0,19,126,98.0,93.0,191.0,68.0,269.0,352.0,321.0,117.33333333333331,65.01025560119979,191.0,68.0,195.28571428571428,138.69476592589194,468.0,68.0,284.85714285714283,152.4355385288923,502.0,68.0,290.82142857142856,125.3298030151227,502.0,68.0,179.83367502806178,234.0813905932092,0.6691959368498348,168.82738977878995,167.93811,171.7944545853226,166.74960439948478,-70.82738977878995,-69.9381103515625,-73.7944545853226,-68.74960439948478,70.82738977878995,69.9381103515625,73.7944545853226,68.74960439948478,72.27284671305097
2025-05-07,Wednesday,7,5,1,0,0,1,0,0,0,0.0,0.9749279121818236,-0.2225209339563143,0.4999999999999999,-0.8660254037844387,0,0,19,127,135.0,98.0,93.0,191.0,468.0,502.0,482.0,127.33333333333331,55.19359866264681,191.0,93.0,170.85714285714286,138.60667200322413,468.0,68.0,266.7142857142857,158.81165844213976,502.0,68.0,282.57142857142856,130.23068665269213,502.0,68.0,159.37525627104634,215.9372051807813,0.6025188916876575,173.38253813655,161.09854,176.50313645042712,182.54593669945734,-38.38253813655001,-26.098541259765625,-41.50313645042712,-47.54593669945734,38.38253813655001,26.098541259765625,41.50313645042712,47.54593669945734,28.431509730777787
2025-05-08,Thursday,8,5,0,0,0,1,0,0,0,0.0,0.4338837391175582,-0.900968867902419,0.4999999999999999,-0.8660254037844387,0,0,19,128,58.0,135.0,98.0,93.0,175.0,405.0,306.0,108.66666666666669,22.941955743426245,135.0,93.0,123.28571428571428,45.49986917825018,191.0,68.0,240.5,146.8236776126123,488.0,68.0,273.4642857142857,131.35123457888304,502.0,68.0,153.28144220328477,205.1455778233438,0.4491867273910215,151.7528084822187,157.36247,144.11809637191857,153.7778565405579,-93.75280848221871,-99.36247253417969,-86.11809637191857,-95.7778565405579,93.75280848221871,99.36247253417969,86.11809637191857,95.7778565405579,161.6427732452047
2025-05-09,Friday,9,5,0,0,0,1,0,0,0,0.0,-0.433883739117558,-0.9009688679024191,0.4999999999999999,-0.8660254037844387,0,0,19,129,52.0,58.0,135.0,98.0,103.0,394.0,274.0,97.0,38.50973902793936,135.0,58.0,106.57142857142856,44.82133845560783,191.0,58.0,215.7142857142857,146.20556054427593,488.0,58.0,266.25,137.52053718680742,502.0,58.0,129.46108165246358,185.526167446898,0.3987705465722304,138.96863102210207,142.48056,129.5111923670741,144.91414039649774,-86.96863102210207,-90.48056030273438,-77.5111923670741,-92.91414039649774,86.96863102210207,90.48056030273438,77.5111923670741,92.91414039649774,167.2473673501963
2025-05-10,Saturday,10,5,0,0,1,1,0,0,0,0.0,-0.9749279121818236,-0.2225209339563146,0.4999999999999999,-0.8660254037844387,0,0,19,130,30.0,52.0,58.0,135.0,68.0,180.0,110.0,81.66666666666667,46.28534685333286,135.0,52.0,99.28571428571428,49.40888680427698,191.0,52.0,191.28571428571428,142.65365727546538,488.0,52.0,257.17857142857144,143.0669497696867,502.0,52.0,110.09581123934768,167.72267845397826,0.3845621801078987,106.44683642234054,98.89013,96.50306463676255,123.94731554090359,-76.44683642234054,-68.89012908935547,-66.50306463676255,-93.94731554090359,76.44683642234054,68.89012908935547,66.50306463676255,93.94731554090359,254.82278807446846
2025-05-11,Sunday,11,5,0,0,1,0,1,0,0,96.0,-0.7818314824680299,0.6234898018587334,0.4999999999999999,-0.8660254037844387,0,0,19,131,93.0,30.0,52.0,58.0,191.0,488.0,377.0,46.66666666666666,14.74222959166394,58.0,30.0,93.85714285714286,55.170730680400446,191.0,30.0,180.57142857142856,149.05585648222063,488.0,30.0,254.1071428571429,147.07703682731952,502.0,30.0,90.07185842951077,149.3596546601145,0.3679126417471651,171.71811466129085,162.99786,169.85538420891115,182.3010960054302,-78.71811466129085,-69.99786376953125,-76.85538420891115,-89.3010960054302,78.71811466129085,69.99786376953125,76.85538420891115,89.3010960054302,84.64313404439876
2025-05-12,Monday,12,5,0,0,0,0,1,0,0,95.0,0.0,1.0,0.4999999999999999,-0.8660254037844387,0,0,20,132,43.0,93.0,30.0,52.0,93.0,300.0,310.0,58.333333333333336,31.973947728319867,93.0,30.0,79.85714285714286,35.24877573017156,135.0,30.0,152.35714285714286,121.16143531088348,468.0,30.0,247.17857142857144,150.01038323851125,502.0,30.0,90.80389382213308,141.8450340387659,0.32177291696647,119.78756609959157,112.917725,124.57421227887785,121.87076141052185,-76.78756609959157,-69.917724609375,-81.57421227887785,-78.87076141052185,76.78756609959157,69.917724609375,81.57421227887785,78.87076141052185,178.57573511532922
2025-05-13,Tuesday,13,5,0,0,0,0,1,0,0,94.0,0.7818314824680298,0.6234898018587336,0.4999999999999999,-0.8660254037844387,0,0,20,133,52.0,43.0,93.0,30.0,98.0,269.0,352.0,55.333333333333336,33.26158945891389,93.0,30.0,72.71428571428571,37.15604161601666,135.0,30.0,134.0,116.44873418078744,468.0,30.0,238.4642857142857,154.6275051338386,502.0,30.0,78.8529203665998,128.66569616693045,0.3036539895600298,113.73284856392131,107.08385,128.5856916208467,105.52900702501881,-61.73284856392131,-55.08384704589844,-76.58569162084669,-53.529007025018814,61.73284856392131,55.08384704589844,76.58569162084669,53.529007025018814,118.71701646907944
2025-05-14,Wednesday,14,5,0,0,0,0,1,0,0,93.0,0.9749279121818236,-0.2225209339563143,0.4999999999999999,-0.8660254037844387,0,0,20,134,91.0,52.0,43.0,93.0,135.0,468.0,502.0,62.66666666666666,26.652079343520853,93.0,43.0,66.14285714285714,35.98809326906031,135.0,30.0,118.5,111.43107562697496,468.0,30.0,228.8571428571429,157.63688097455554,502.0,30.0,72.13969027494986,118.44360334467306,0.2877563704164076,155.1441363413058,127.2306,158.6865855601888,179.51522501402155,-64.1441363413058,-36.23059844970703,-67.6865855601888,-88.51522501402155,64.1441363413058,36.23059844970703,67.6865855601888,88.51522501402155,70.48806191352286
2025-05-15,Thursday,15,5,0,0,0,0,1,0,0,92.0,0.4338837391175582,-0.900968867902419,0.4999999999999999,-0.8660254037844387,0,0,20,135,83.0,91.0,52.0,43.0,58.0,175.0,405.0,62.0,25.514701644346097,91.0,43.0,59.85714285714285,23.70252146522061,93.0,30.0,91.57142857142856,47.93700078181819,191.0,30.0,214.89285714285717,151.58382091075785,502.0,30.0,76.85476770621239,114.78445623205,0.2772539288668321,82.44980237508291,72.24883,86.59823855035049,88.50233587226154,0.5501976249170895,10.751167297363281,-3.5982385503504872,-5.50233587226154,0.5501976249170895,10.751167297363281,3.5982385503504872,5.50233587226154,0.6628887047193849
2025-05-16,Friday,16,5,0,0,0,0,1,0,0,91.0,-0.433883739117558,-0.9009688679024191,0.4999999999999999,-0.8660254037844387,0,0,20,136,91.0,83.0,91.0,52.0,52.0,103.0,394.0,75.33333333333333,20.59935274064042,91.0,52.0,63.42857142857143,25.21148642223959,93.0,30.0,85.0,41.493280271536754,191.0,30.0,206.92857142857144,152.4753601397137,502.0,30.0,78.39107577965929,110.54652873444331,0.3050498110614909,78.70015174849689,69.030205,86.04541641361979,81.02483405892167,12.299848251503107,21.96979522705078,4.95458358638021,9.97516594107833,12.299848251503107,21.96979522705078,4.95458358638021,9.97516594107833,13.516316759893526
2025-05-17,Saturday,17,5,0,0,1,0,1,0,0,90.0,-0.9749279121818236,-0.2225209339563146,0.4999999999999999,-0.8660254037844387,0,0,20,137,39.0,91.0,83.0,91.0,30.0,68.0,180.0,88.33333333333333,4.61880215351656,91.0,83.0,69.0,26.53927906581229,93.0,30.0,84.14285714285714,41.21586166450056,191.0,30.0,200.39285714285717,153.41310468089296,502.0,30.0,81.54330683474447,107.94032490318423,0.3426139386416031,50.69203529438741,44.36439,45.9629654821236,61.74874907413434,-11.69203529438741,-5.364391326904297,-6.9629654821236,-22.748749074134338,11.69203529438741,5.364391326904297,6.9629654821236,22.748749074134338,29.97957767791644
2025-05-18,Sunday,18,5,0,0,1,0,1,0,0,89.0,-0.7818314824680299,0.6234898018587334,0.4999999999999999,-0.8660254037844387,0,0,20,138,90.0,39.0,91.0,83.0,93.0,191.0,488.0,71.0,27.999999999999943,91.0,39.0,70.28571428571429,24.472530762152346,93.0,39.0,82.07142857142857,42.78832386692254,191.0,30.0,197.8571428571429,155.53461310272968,502.0,30.0,70.90748012605835,98.74828158275967,0.353448275862069,106.217223990221,93.39052,101.46392577538676,123.79722800679968,-16.217223990221,-3.3905181884765625,-11.463925775386755,-33.797228006799685,16.217223990221,3.3905181884765625,11.463925775386755,33.797228006799685,18.019137766912223
2025-05-19,Monday,19,5,0,0,0,0,1,0,0,88.0,0.0,1.0,0.4999999999999999,-0.8660254037844387,0,0,21,139,57.0,90.0,39.0,91.0,43.0,93.0,300.0,73.33333333333333,29.7377425729212,91.0,39.0,69.85714285714286,24.030734289153983,91.0,39.0,74.85714285714286,29.44318425206573,135.0,30.0,187.6071428571429,152.72302193373258,502.0,30.0,75.68061009454377,97.58184403839172,0.3703843968945275,78.20959708257993,69.54975,80.61950794120331,84.4595320247982,-21.209597082579933,-12.549751281738281,-23.61950794120331,-27.459532024798193,21.209597082579933,12.549751281738281,23.61950794120331,27.459532024798193,37.20981944312268
2025-05-20,Tuesday,20,5,0,0,0,0,1,0,0,87.0,0.7818314824680298,0.6234898018587336,0.4999999999999999,-0.8660254037844387,0,0,21,140,69.0,57.0,90.0,39.0,52.0,98.0,269.0,62.0,25.86503431275507,90.0,39.0,71.85714285714286,21.912162310976743,91.0,39.0,72.28571428571429,29.308514308797765,135.0,30.0,178.57142857142858,152.6978203466712,502.0,30.0,71.01045757090782,92.17093149993948,0.4001591089896579,66.28528807075861,57.472157,70.34332428390735,71.04038340371028,2.714711929241389,11.527843475341797,-1.34332428390735,-2.0403834037102797,2.714711929241389,11.527843475341797,1.34332428390735,2.0403834037102797,3.934365114842593
2025-05-21,Wednesday,21,5,0,0,0,0,1,0,0,86.0,0.9749279121818236,-0.2225209339563143,0.4999999999999999,-0.8660254037844387,0,0,21,141,98.0,69.0,57.0,90.0,91.0,135.0,468.0,72.0,16.703293088489964,90.0,57.0,74.28571428571429,20.221393668698923,91.0,39.0,70.21428571428571,28.360803317874424,135.0,30.0,168.46428571428572,150.1378334984856,502.0,30.0,70.50784317818086,89.08147396661423,0.4383561643835617,102.55222712199203,79.02243,103.57856662249556,125.0556843235587,-4.552227121992033,18.977569580078125,-5.578566622495558,-27.055684323558694,4.552227121992033,18.977569580078125,5.578566622495558,27.055684323558694,4.645129716318401
2025-05-22,Thursday,22,5,0,0,0,0,1,0,0,85.0,0.4338837391175582,-0.900968867902419,0.4999999999999999,-0.8660254037844387,0,0,21,142,114.0,98.0,69.0,57.0,83.0,58.0,175.0,74.66666666666667,21.079215671683084,98.0,57.0,75.28571428571429,21.32849647547848,98.0,39.0,67.57142857142857,23.09416937975149,98.0,30.0,154.03571428571428,135.60658842916433,488.0,30.0,77.38088238363565,90.27061077106566,0.4856023957613454,48.80230383201867,45.220963,55.03808774688846,46.147861224753484,65.19769616798132,68.77903747558594,58.96191225311154,67.85213877524652,65.19769616798132,68.77903747558594,58.96191225311154,67.85213877524652,57.190961550860806
2025-05-23,Friday,23,5,0,0,0,0,1,0,0,84.0,-0.433883739117558,-0.9009688679024191,0.4999999999999999,-0.8660254037844387,0,0,21,143,86.0,114.0,98.0,69.0,91.0,52.0,103.0,93.66666666666669,22.81081614790073,114.0,69.0,79.71428571428571,25.92112578389493,114.0,39.0,71.57142857142857,25.97843568960828,114.0,30.0,143.64285714285714,126.50610123940106,488.0,30.0,86.53566178772674,93.43452933492358,0.5511111111111111,56.978927415891775,51.350838,52.450970395621574,67.13497414453423,29.021072584108225,34.64916229248047,33.549029604378426,18.865025855465774,29.021072584108225,34.64916229248047,33.549029604378426,18.865025855465774,33.74543323733514
2025-05-24,Saturday,24,5,0,1,1,0,1,0,0,83.0,-0.9749279121818236,-0.2225209339563146,0.4999999999999999,-0.8660254037844387,1,0,21,144,31.0,86.0,114.0,98.0,39.0,30.0,68.0,99.33333333333331,14.04753833713681,114.0,86.0,79.0,25.62550812503835,114.0,39.0,74.0,25.59447055668305,114.0,30.0,132.64285714285714,116.96128333316858,488.0,30.0,86.40174634079506,92.44325875693376,0.5911277391769107,49.86627425019568,47.293415,46.47816584648709,55.82724183451987,-18.86627425019568,-16.293415069580078,-15.478165846487087,-24.827241834519867,18.86627425019568,16.293415069580078,15.478165846487087,24.827241834519867,60.85894919417961
2025-05-25,Sunday,25,5,0,1,1,0,1,0,0,82.0,-0.7818314824680299,0.6234898018587334,0.4999999999999999,-0.8660254037844387,1,0,21,145,92.0,31.0,86.0,114.0,90.0,93.0,191.0,77.0,42.22558466143478,114.0,31.0,77.85714285714286,27.793455892996278,114.0,31.0,74.07142857142857,25.46328967119357,114.0,31.0,127.32142857142856,118.110762068501,488.0,30.0,72.5513097555963,84.25082425600928,0.6067353186752019,64.2182649660888,60.86819,55.0542822735703,76.73232185931522,27.781735033911204,31.13180923461914,36.9457177264297,15.26767814068478,27.781735033911204,31.13180923461914,36.9457177264297,15.26767814068478,30.197538080338266
2025-05-26,Monday,26,5,0,1,0,0,1,0,0,81.0,0.0,1.0,0.4999999999999999,-0.8660254037844387,0,0,22,146,77.0,92.0,31.0,86.0,57.0,43.0,93.0,69.66666666666667,33.620430296671245,92.0,31.0,78.14285714285714,27.948933023330177,114.0,31.0,74.0,25.40744893802709,114.0,31.0,113.17857142857144,94.71440641776056,468.0,30.0,77.41348231669721,85.28404768854138,0.6843916171410697,57.38105066051525,56.375797,53.76201155565212,62.005343154165104,19.61894933948475,20.624202728271484,23.237988444347877,14.994656845834896,19.61894933948475,20.624202728271484,23.237988444347877,14.994656845834896,25.479154986343833
2025-05-27,Tuesday,27,5,0,1,0,0,1,0,0,80.0,0.7818314824680298,0.6234898018587336,0.4999999999999999,-0.8660254037844387,0,0,22,147,86.0,77.0,92.0,31.0,69.0,52.0,98.0,66.66666666666667,31.78574103797692,92.0,31.0,81.0,26.40706976044625,114.0,31.0,76.42857142857143,23.789830683635323,114.0,31.0,105.21428571428572,87.52623189559351,468.0,30.0,77.3101117375229,84.17950799673586,0.7626092804303968,59.06281934645128,57.933044,62.904410862447286,56.35100274331279,26.937180653548722,28.06695556640625,23.095589137552714,29.64899725668721,26.937180653548722,28.06695556640625,23.095589137552714,29.64899725668721,31.322303085521767
2025-05-28,Wednesday,28,5,0,1,0,0,1,0,0,79.0,0.9749279121818236,-0.2225209339563143,0.4999999999999999,-0.8660254037844387,0,0,22,148,98.0,86.0,77.0,92.0,98.0,91.0,135.0,85.0,7.549834435270447,92.0,77.0,83.42857142857143,25.896313398219284,114.0,31.0,78.85714285714286,22.819887220300757,114.0,31.0,98.67857142857144,81.46576357538531,468.0,30.0,79.48258380314218,84.42224026383775,0.8369759942672877,68.96145247697523,60.85767,64.30428993381706,81.72239766678635,29.038547523024775,37.142330169677734,33.69571006618294,16.27760233321365,29.038547523024775,37.142330169677734,33.69571006618294,16.27760233321365,29.631170941862017
2025-05-29,Thursday,29,5,0,1,0,0,1,0,0,78.0,0.4338837391175582,-0.900968867902419,0.4999999999999999,-0.8660254037844387,0,0,22,149,108.0,98.0,86.0,77.0,114.0,83.0,58.0,87.0,10.535653752852516,98.0,77.0,83.42857142857143,25.896313398219284,114.0,31.0,79.35714285714286,23.18025400689493,114.0,31.0,85.46428571428571,37.467499143436754,191.0,30.0,84.11193785235663,86.23260822865939,0.9648905410987196,55.61922160433638,54.493763,59.52746497164047,52.83643687139795,52.38077839566362,53.5062370300293,48.47253502835953,55.16356312860205,52.38077839566362,53.5062370300293,48.47253502835953,55.16356312860205,48.500720736725576
2025-05-30,Friday,30,5,0,1,0,0,1,0,0,77.0,-0.433883739117558,-0.9009688679024191,0.4999999999999999,-0.8660254037844387,0,0,22,150,88.0,108.0,98.0,86.0,86.0,91.0,52.0,97.33333333333331,11.015141094571964,108.0,86.0,82.57142857142857,24.79151160415175,108.0,31.0,81.14285714285714,24.41266109988862,114.0,31.0,83.07142857142857,33.46300175974099,191.0,30.0,90.08395338926748,89.13492713150481,0.9821580288870008,59.700651332256264,55.25352,60.221249300262485,63.62718373093014,28.299348667743736,32.74647903442383,27.778750699737515,24.372816269069858,28.299348667743736,32.74647903442383,27.778750699737515,24.372816269069858,32.1583507587997
2025-05-31,Saturday,31,5,0,1,1,0,1,0,0,76.0,-0.9749279121818236,-0.2225209339563146,0.4999999999999999,-0.8660254037844387,1,0,22,151,141.5,88.0,108.0,98.0,31.0,39.0,30.0,98.0,9.99999999999973,108.0,88.0,82.85714285714286,24.84906820136188,108.0,31.0,80.92857142857143,24.33251792502004,114.0,31.0,82.53571428571429,33.251546489077555,191.0,30.0,89.5629650419506,88.98360351397083,0.9918768704574604,60.265479703379604,54.822445,56.60468042547731,69.36931376889001,81.23452029662039,86.67755508422852,84.89531957452269,72.13068623110999,81.23452029662039,86.67755508422852,84.89531957452269,72.13068623110999,57.409554979943735
2025-06-01,Sunday,1,6,1,0,1,0,1,0,0,75.0,-0.7818314824680299,0.6234898018587334,1.2246467991473532e-16,-1.0,0,1,22,152,195.0,141.5,88.0,108.0,92.0,90.0,93.0,112.5,27.032387981826428,141.5,88.0,98.64285714285714,21.25385119162995,141.5,77.0,88.25,26.102423995896093,141.5,31.0,85.16071428571429,34.920824088592134,191.0,30.0,102.54722378146296,95.98578971210809,1.1448704663212437,94.32513653480703,86.035995,92.2582850894311,104.68112903159158,100.67486346519297,108.96400451660156,102.7417149105689,90.31887096840842,100.67486346519297,108.96400451660156,102.7417149105689,90.31887096840842,51.62813511035537
2025-06-02,Monday,2,6,1,0,0,0,1,0,0,74.0,0.0,1.0,1.2246467991473532e-16,-1.0,0,0,23,153,203.0,195.0,141.5,88.0,77.0,57.0,43.0,141.5,53.49999999999992,195.0,88.0,113.35714285714286,41.70403086604416,195.0,77.0,95.75,38.69245106258796,195.0,31.0,85.30357142857143,35.37506426789376,195.0,30.0,125.6604178360972,109.18768441716033,1.313469894475481,159.58336009570834,152.834,154.2876590684994,171.6284215848366,43.41663990429166,50.16600036621094,48.71234093150059,31.371578415163413,43.41663990429166,50.16600036621094,48.71234093150059,31.371578415163413,21.387507342015596
2025-06-03,Tuesday,3,6,1,0,0,0,1,0,0,73.0,0.7818314824680298,0.6234898018587336,1.2246467991473532e-16,-1.0,0,0,23,154,167.0,203.0,195.0,141.5,86.0,69.0,52.0,179.83333333333334,33.43775311430661,203.0,141.5,131.35714285714286,49.80186934720405,203.0,86.0,106.17857142857144,46.360463569916746,203.0,31.0,89.23214285714286,41.788152260085766,203.0,30.0,144.9953133770729,121.69599316153896,1.455768850188007,166.55179713156195,158.65681,174.47427635905754,166.52430046043304,0.44820286843804524,8.343185424804688,-7.474276359057541,0.47569953956696054,0.44820286843804524,8.343185424804688,7.474276359057541,0.47569953956696054,0.26838495116050615
2025-06-04,Wednesday,4,6,1,0,0,0,1,0,0,72.0,0.9749279121818236,-0.2225209339563143,1.2246467991473532e-16,-1.0,0,0,23,155,281.0,167.0,203.0,195.0,98.0,98.0,91.0,188.33333333333331,18.903262505010087,203.0,167.0,142.92857142857142,46.82807969177095,203.0,88.0,113.17857142857144,47.69438248765904,203.0,31.0,91.69642857142856,44.28429603890433,203.0,30.0,150.49648503280469,127.7365274066671,1.541899441340782,177.83393360794196,167.66078,175.0193674785977,190.8216514848766,103.16606639205804,113.33921813964844,105.9806325214023,90.17834851512339,103.16606639205804,113.33921813964844,105.9806325214023,90.17834851512339,36.71390263062563
2025-06-05,Thursday,5,6,1,0,0,0,1,0,0,71.0,0.4338837391175582,-0.900968867902419,1.2246467991473532e-16,-1.0,0,0,23,156,260.0,281.0,167.0,203.0,108.0,114.0,83.0,217.0,58.275209137333725,281.0,167.0,169.07142857142858,65.0873954588665,281.0,88.0,126.25,65.11136908878035,281.0,31.0,96.91071428571428,56.48632308592176,281.0,30.0,183.1223637746035,148.17165708577815,1.7267919022432974,177.24395180096278,171.34517,175.32865478965365,185.0580315458518,82.75604819903722,88.65483093261719,84.67134521034635,74.9419684541482,82.75604819903722,88.65483093261719,84.67134521034635,74.9419684541482,31.829249307322012
2025-06-06,Friday,6,6,1,0,0,0,1,0,0,70.0,-0.433883739117558,-0.9009688679024191,1.2246467991473532e-16,-1.0,0,0,23,157,209.0,260.0,281.0,167.0,88.0,86.0,91.0,236.0,60.6712452484699,281.0,167.0,190.78571428571428,66.65324269609552,281.0,88.0,136.67857142857142,74.07366581338448,281.0,31.0,104.125,63.763397285066894,281.0,30.0,202.34177283095264,163.0821028076744,1.814846271445558,177.8319318206201,170.40672,173.707046025965,189.38202641343437,31.1680681793799,38.59327697753906,35.29295397403499,19.617973586565626,31.1680681793799,38.59327697753906,35.29295397403499,19.617973586565626,14.912951281999954
2025-06-07,Saturday,7,6,1,0,1,0,1,0,0,69.0,-0.9749279121818236,-0.2225209339563146,1.2246467991473532e-16,-1.0,0,1,23,158,86.0,209.0,260.0,281.0,141.5,31.0,39.0,250.0,37.02701716314697,281.0,209.0,208.07142857142856,48.872647915634566,281.0,141.5,145.46428571428572,74.89029522362237,281.0,31.0,109.73214285714286,65.87790082766952,281.0,30.0,204.00632962321447,169.2044890999845,1.8790517658442187,143.6755947225611,135.88942,140.00843633914621,155.12892827287305,-57.6755947225611,-49.88941955566406,-54.008436339146215,-69.12892827287305,57.6755947225611,49.88941955566406,54.008436339146215,69.12892827287305,67.06464502623383
2025-06-08,Sunday,8,6,0,0,1,0,1,0,0,68.0,-0.7818314824680299,0.6234898018587334,1.2246467991473532e-16,-1.0,0,0,23,159,256.0,86.0,209.0,260.0,195.0,92.0,90.0,185.0,89.44830909525336,260.0,86.0,200.14285714285717,63.71925028704211,281.0,86.0,149.39285714285714,69.68560677219357,281.0,77.0,111.73214285714286,64.19623880508513,281.0,31.0,174.50474721741085,158.11055721998656,1.775384127989862,186.93343749076416,184.28229,194.56118060862596,181.95684426601036,69.06656250923584,71.71771240234375,61.43881939137404,74.04315573398964,69.06656250923584,71.71771240234375,61.43881939137404,74.04315573398964,26.97912598017025
2025-06-09,Monday,9,6,0,0,0,0,1,0,0,67.0,0.0,1.0,1.2246467991473532e-16,-1.0,0,0,24,160,187.0,256.0,86.0,209.0,203.0,77.0,57.0,183.66666666666663,87.78572397225712,256.0,86.0,208.8571428571429,66.98613929121997,281.0,86.0,161.10714285714286,73.00110077447953,281.0,77.0,117.55357142857144,69.5979644345946,281.0,31.0,194.87856041305812,171.16248292398834,1.7617111010694382,209.36072699629017,208.43112,219.50483214874106,200.1462270139575,-22.36072699629017,-21.431121826171875,-32.50483214874106,-13.146227013957514,22.36072699629017,21.431121826171875,32.50483214874106,13.146227013957514,11.957608019406507
2025-06-10,Tuesday,10,6,0,0,0,0,1,0,0,66.0,0.7818314824680298,0.6234898018587336,1.2246467991473532e-16,-1.0,0,0,24,161,230.0,187.0,256.0,86.0,167.0,86.0,69.0,176.33333333333334,85.50048732804579,256.0,86.0,206.57142857142856,67.49038732258279,281.0,86.0,168.96428571428572,69.06587276086346,281.0,86.0,122.69642857142856,69.20411827898992,281.0,31.0,192.9089203097936,173.27415186745657,1.6699870073624947,192.50364044983846,181.53009,200.04228697676623,195.93854404071783,37.49635955016154,48.46990966796875,29.957713023233765,34.06145595928217,37.49635955016154,48.46990966796875,29.957713023233765,34.06145595928217,16.302765021809368
2025-06-11,Wednesday,11,6,0,0,0,0,1,0,0,65.0,0.9749279121818236,-0.2225209339563143,1.2246467991473532e-16,-1.0,0,0,24,162,283.0,230.0,187.0,256.0,281.0,98.0,98.0,224.33333333333331,34.84728588187772,256.0,187.0,215.57142857142856,65.5053614672284,281.0,86.0,179.25,66.43236873230262,281.0,86.0,129.05357142857142,70.63027617600227,281.0,31.0,202.1816902323452,180.83759828512905,1.657558698338597,244.2688984799751,241.58252,259.9921681628866,231.23200774578862,38.73110152002491,41.41748046875,23.007831837113372,51.76799225421138,38.73110152002491,41.41748046875,23.007831837113372,51.76799225421138,13.685901597181946
2025-06-12,Thursday,12,6,0,0,0,0,1,0,0,64.0,0.4338837391175582,-0.900968867902419,1.2246467991473532e-16,-1.0,0,0,24,163,273.0,283.0,230.0,187.0,260.0,108.0,114.0,233.33333333333331,48.086727205470254,283.0,187.0,215.8571428571429,65.84180174587212,283.0,86.0,192.4642857142857,67.41960006205524,283.0,86.0,135.91071428571428,75.92101811793249,283.0,31.0,222.3862676742589,194.45925184711183,1.5766271031694274,213.09701104640143,216.20058,215.86252556382894,207.22793079314872,59.902988953598566,56.79942321777344,57.13747443617106,65.77206920685128,59.902988953598566,56.79942321777344,57.13747443617106,65.77206920685128,21.942486796189954
2025-06-13,Friday,13,6,0,0,0,0,1,0,0,63.0,-0.433883739117558,-0.9009688679024191,1.2246467991473532e-16,-1.0,0,0,24,164,242.0,273.0,283.0,230.0,209.0,88.0,86.0,262.0,28.160255680657023,283.0,230.0,217.7142857142857,67.4579233935592,283.0,86.0,204.25,65.92383425648823,283.0,86.0,142.69642857142858,79.42680526232837,283.0,31.0,235.03970075569416,204.93135160083023,1.5150987945818315,205.34626371154272,199.45409,203.00117015469152,213.58353467622567,36.65373628845728,42.54591369628906,38.99882984530848,28.416465323774332,36.65373628845728,42.54591369628906,38.99882984530848,28.416465323774332,15.14617202002367
2025-06-14,Saturday,14,6,0,0,1,0,1,0,0,62.0,-0.9749279121818236,-0.2225209339563146,1.2246467991473532e-16,-1.0,0,0,24,165,117.0,242.0,273.0,283.0,86.0,141.5,31.0,266.0,21.377558326431377,283.0,242.0,222.42857142857144,67.89908478238563,283.0,86.0,215.25,57.32121033130898,283.0,86.0,148.08928571428572,80.89934916775991,283.0,31.0,236.77977556677064,209.8738380540529,1.4919151994250808,144.57593227067392,141.00623,130.39320342561862,162.32836780046563,-27.575932270673917,-24.0062255859375,-13.393203425618623,-45.32836780046563,27.575932270673917,24.0062255859375,13.393203425618623,45.32836780046563,23.569172880917876
2025-06-15,Sunday,15,6,0,0,1,0,1,0,0,61.0,-0.7818314824680299,0.6234898018587334,1.2246467991473532e-16,-1.0,0,0,24,166,290.0,117.0,242.0,273.0,256.0,195.0,92.0,210.66666666666663,82.5853094280897,273.0,117.0,226.8571428571429,57.77377886039136,283.0,117.0,213.5,60.05478268278832,283.0,86.0,150.875,78.30515154994083,283.0,31.0,206.834831675078,197.49065964684584,1.4937095825984714,246.64940186617105,238.91895,262.70265563170415,238.32660465430897,43.35059813382895,51.0810546875,27.297344368295853,51.673395345691034,43.35059813382895,51.0810546875,27.297344368295853,51.673395345691034,14.948482115113432
2025-06-16,Monday,16,6,0,0,0,0,1,0,0,60.0,0.0,1.0,1.2246467991473532e-16,-1.0,0,0,25,167,194.0,290.0,117.0,242.0,187.0,203.0,77.0,216.33333333333331,89.3103204189377,290.0,117.0,231.7142857142857,61.913149614907965,290.0,117.0,220.28571428571428,63.09385996145088,290.0,86.0,158.01785714285714,81.59911970100399,290.0,31.0,227.6261237563085,209.8252383605997,1.457158899494666,191.8210662446128,189.37961,192.46474329045625,193.61884728908532,2.1789337553871917,4.620391845703125,1.535256709543745,0.3811527109146766,2.1789337553871917,4.620391845703125,1.535256709543745,0.3811527109146766,1.1231617295810266
2025-06-17,Tuesday,17,6,0,0,0,0,1,0,0,59.0,0.7818314824680298,0.6234898018587336,1.2246467991473532e-16,-1.0,0,0,25,168,206.0,194.0,290.0,117.0,230.0,167.0,86.0,200.33333333333331,86.67371766189174,290.0,117.0,232.7142857142857,61.1220480833606,290.0,117.0,219.64285714285717,63.32894239646637,290.0,86.0,162.91071428571428,79.39517356021098,290.0,31.0,219.21959281723133,207.71520657918643,1.4197625013618045,215.53716775798057,211.0307,224.758995493332,210.82180709701592,-9.53716775798057,-5.03070068359375,-18.75899549333201,-4.82180709701592,9.53716775798057,5.03070068359375,18.75899549333201,4.82180709701592,4.629693086398334
2025-06-18,Wednesday,18,6,0,0,0,0,1,0,0,58.0,0.9749279121818236,-0.2225209339563143,1.2246467991473532e-16,-1.0,0,0,25,169,308.0,206.0,194.0,290.0,283.0,281.0,98.0,230.0,52.306787322487935,290.0,194.0,229.28571428571428,61.96696508547634,290.0,117.0,222.42857142857144,61.67123040235755,290.0,86.0,167.80357142857142,77.59442745428058,290.0,31.0,215.91469461292348,207.48651236862824,1.3582989527134244,249.81272094960528,247.64949,264.96968087118455,236.81899162118603,58.18727905039472,60.35050964355469,43.03031912881545,71.18100837881397,58.18727905039472,60.35050964355469,43.03031912881545,71.18100837881397,18.891973717660623
2025-06-19,Thursday,19,6,0,0,0,0,1,0,0,57.0,0.4338837391175582,-0.900968867902419,1.2246467991473532e-16,-1.0,0,0,25,170,235.0,308.0,206.0,194.0,273.0,260.0,108.0,236.0,62.641839053463165,308.0,194.0,232.8571428571429,66.15746007676994,308.0,117.0,224.3571428571429,64.02115893365882,308.0,86.0,175.30357142857142,80.68495422706935,308.0,31.0,238.9360209596926,220.8883107194778,1.3207738276106555,221.7821935496106,220.07893,223.1994777940432,222.06816913896833,13.21780645038939,14.921066284179688,11.80052220595681,12.93183086103167,13.21780645038939,14.921066284179688,11.80052220595681,12.93183086103167,5.6245984895274
2025-06-20,Friday,20,6,0,0,0,0,1,0,0,56.0,-0.433883739117558,-0.9009688679024191,1.2246467991473532e-16,-1.0,0,0,25,171,232.0,235.0,308.0,206.0,242.0,209.0,88.0,249.66666666666663,52.55790457517606,308.0,206.0,227.42857142857144,63.83274275494456,308.0,117.0,222.57142857142856,63.29505301572744,308.0,86.0,179.625,80.52014068266084,308.0,31.0,237.95201571976943,222.7698692902141,1.2591201186356895,220.45743635324803,220.18407,217.98354171282568,223.20470057445755,11.542563646751972,11.815933227539062,14.016458287174316,8.795299425542453,11.542563646751972,11.815933227539062,14.016458287174316,8.795299425542453,4.975242951186195
2025-06-21,Saturday,21,6,0,0,1,0,1,0,0,55.0,-0.9749279121818236,-0.2225209339563146,1.2246467991473532e-16,-1.0,0,0,25,172,85.0,232.0,235.0,308.0,117.0,86.0,141.5,258.3333333333333,43.03874223688828,308.0,232.0,226.0,63.56361642742814,308.0,117.0,224.2142857142857,63.214139814819,308.0,86.0,184.8392857142857,78.94454846792253,308.0,31.0,236.4640117898271,224.00055338485225,1.2161045450177763,141.88683278565495,138.83675,136.21329151585195,150.6104606252926,-56.886832785654946,-53.83674621582031,-51.21329151585195,-65.6104606252926,56.886832785654946,53.83674621582031,51.21329151585195,65.6104606252926,66.92568563018229
2025-06-22,Sunday,22,6,0,0,1,0,1,0,0,54.0,-0.7818314824680299,0.6234898018587334,1.2246467991473532e-16,-1.0,0,0,25,173,270.0,85.0,232.0,235.0,290.0,256.0,195.0,184.0,85.74963556773871,235.0,85.0,221.42857142857144,73.13881127202978,308.0,85.0,224.14285714285717,63.38266827266464,308.0,85.0,186.76785714285717,75.63747382805619,308.0,77.0,198.59800884237035,205.46714626687196,1.1792677127912503,209.8649815626477,203.3774,222.42306905006458,203.79448000799567,60.1350184373523,66.62260437011719,47.57693094993542,66.20551999200433,60.1350184373523,66.62260437011719,47.57693094993542,66.20551999200433,22.27222905087122
2025-06-23,Monday,23,6,0,0,0,0,1,0,0,53.0,0.0,1.0,1.2246467991473532e-16,-1.0,0,0,26,174,196.0,270.0,85.0,232.0,194.0,187.0,203.0,195.66666666666663,97.70533932868425,270.0,85.0,218.57142857142856,70.3511600066807,308.0,85.0,225.14285714285717,64.03107075458003,308.0,85.0,193.125,74.85363805206508,308.0,77.0,216.44850663177775,214.07152676462235,1.1259313770582284,192.00321051426477,194.32108,191.68271849381875,190.00583760952242,3.996789485735235,1.678924560546875,4.317281506181246,5.994162390477584,3.996789485735235,1.678924560546875,4.317281506181246,5.994162390477584,2.039178309048589
2025-06-24,Tuesday,24,6,0,1,0,0,1,0,0,52.0,0.7818314824680298,0.6234898018587336,1.2246467991473532e-16,-1.0,0,0,26,175,185.0,196.0,270.0,85.0,206.0,230.0,167.0,183.66666666666663,93.11462470167258,270.0,85.0,218.8571428571429,70.23870863331746,308.0,85.0,225.78571428571428,63.6627877920105,308.0,85.0,197.375,71.31056555139074,308.0,85.0,211.33637997383332,211.6619898626727,1.1032496174273112,199.99438246312891,194.1624,209.08778130480715,196.73296679258743,-14.994382463128915,-9.162399291992188,-24.08778130480715,-11.732966792587433,14.994382463128915,9.162399291992188,24.08778130480715,11.732966792587433,8.105071601691305
2025-06-25,Wednesday,25,6,0,1,0,0,1,0,0,51.0,0.9749279121818236,-0.2225209339563143,1.2246467991473532e-16,-1.0,0,0,26,176,301.0,185.0,196.0,270.0,308.0,283.0,281.0,217.0,46.2276973253048,270.0,185.0,215.8571428571429,71.31953582628019,308.0,85.0,222.57142857142856,64.56328354736608,308.0,85.0,200.91071428571428,67.9594178428929,308.0,85.0,204.752284980375,208.107057880983,1.0690722561245247,243.07390981056085,241.33661,242.0122095412758,245.872911003688,57.92609018943915,59.66339111328125,58.98779045872419,55.12708899631201,57.92609018943915,59.66339111328125,58.98779045872419,55.12708899631201,19.24454823569407
2025-06-26,Thursday,26,6,0,1,0,0,1,0,0,50.0,0.4338837391175582,-0.900968867902419,1.2246467991473532e-16,-1.0,0,0,26,177,255.0,301.0,185.0,196.0,235.0,273.0,260.0,227.33333333333331,64.03384521745765,301.0,185.0,214.8571428571429,69.84608929980305,301.0,85.0,223.8571428571429,66.02197436385184,308.0,85.0,208.16071428571428,67.4000018644116,308.0,85.0,228.81421373528127,220.49278349685196,1.0272346964910783,205.0669796463866,208.16943,201.79063698951728,205.2408683558926,49.93302035361339,46.83056640625,53.20936301048272,49.75913164410741,49.93302035361339,46.83056640625,53.20936301048272,49.75913164410741,19.58157660926015
2025-06-27,Friday,27,6,0,1,0,0,1,0,0,49.0,-0.433883739117558,-0.9009688679024191,1.2246467991473532e-16,-1.0,0,0,26,178,258.0,255.0,301.0,185.0,232.0,242.0,209.0,247.0,58.41232746604082,301.0,185.0,217.7142857142857,71.20326370261856,301.0,85.0,222.57142857142856,65.16100094347887,308.0,85.0,213.41071428571428,64.99131759268924,308.0,85.0,235.3606603014609,225.0937456972717,1.0154076788540018,213.9978953106319,210.79665,212.5177447466017,218.67929506712997,44.00210468936811,47.20335388183594,45.48225525339831,39.32070493287003,44.00210468936811,47.20335388183594,45.48225525339831,39.32070493287003,17.055079336964383
2025-06-28,Saturday,28,6,0,1,1,0,1,0,0,48.0,-0.9749279121818236,-0.2225209339563146,1.2246467991473532e-16,-1.0,1,0,26,179,104.0,258.0,255.0,301.0,85.0,117.0,86.0,271.3333333333333,25.735837529276463,301.0,255.0,221.42857142857144,72.73435030496658,301.0,85.0,223.7142857142857,65.66632267811214,308.0,85.0,219.4821428571429,60.636360278554186,308.0,85.0,241.0204952260957,229.4812462709688,1.004292540698145,136.7502175771217,126.60516,128.94674573504625,154.6987434221001,-32.7502175771217,-22.60516357421875,-24.94674573504625,-50.69874342210011,32.7502175771217,22.60516357421875,24.94674573504625,50.69874342210011,31.490593824155482
2025-06-29,Sunday,29,6,0,1,1,0,1,0,0,47.0,-0.7818314824680299,0.6234898018587334,1.2246467991473532e-16,-1.0,1,0,26,180,279.0,104.0,258.0,255.0,270.0,290.0,256.0,205.66666666666663,88.05869254839826,258.0,104.0,224.14285714285717,66.9164368732332,301.0,104.0,222.78571428571428,67.36145733329963,308.0,85.0,218.14285714285717,62.7981565462586,308.0,85.0,206.76537141957175,212.75041343483963,1.0228161668839637,221.47342861692482,209.23383,227.17884498504972,228.00761518213102,57.52657138307518,69.76617431640625,51.82115501495028,50.99238481786898,57.52657138307518,69.76617431640625,51.82115501495028,50.99238481786898,20.61884278963268
2025-06-30,Monday,30,6,0,1,0,0,1,0,0,46.0,0.0,1.0,1.2246467991473532e-16,-1.0,0,0,27,181,217.0,279.0,104.0,258.0,196.0,194.0,187.0,213.66666666666663,95.5527777374019,279.0,104.0,225.42857142857144,68.02170521938024,301.0,104.0,222.0,66.57673421294822,308.0,85.0,221.14285714285717,63.65224635162848,308.0,85.0,224.82402856467883,221.5836916435277,1.014790996784566,187.80564146283248,187.52103,189.08901115639006,186.80688662077935,29.194358537167517,29.478973388671875,27.910988843609942,30.193113379220648,29.194358537167517,29.478973388671875,27.910988843609942,30.193113379220648,13.453621445699318
2025-07-01,Tuesday,1,7,1,0,0,0,1,0,0,45.0,0.7818314824680298,0.6234898018587336,-0.4999999999999997,-0.8660254037844388,0,0,27,182,188.0,217.0,279.0,104.0,185.0,206.0,230.0,200.0,88.72992730753248,279.0,104.0,228.42857142857144,66.9623206060861,301.0,104.0,223.64285714285717,66.11482685200303,308.0,85.0,221.64285714285717,63.55937106983978,308.0,85.0,222.8680214235091,220.972532757724,1.0259865255052936,193.95955982687212,183.909,197.36064183872628,200.60904105985884,-5.959559826872123,4.09100341796875,-9.36064183872628,-12.60904105985884,5.959559826872123,4.09100341796875,9.36064183872628,12.60904105985884,3.1699786313149594
2025-07-02,Wednesday,2,7,1,0,0,0,1,0,0,44.0,0.9749279121818236,-0.2225209339563143,-0.4999999999999997,-0.8660254037844388,0,0,27,183,320.0,188.0,217.0,279.0,301.0,308.0,283.0,228.0,46.48655719667774,279.0,188.0,228.8571428571429,66.64690183203872,301.0,104.0,222.3571428571429,66.65711012090414,308.0,85.0,222.39285714285717,63.01225000580114,308.0,85.0,214.15101606763184,216.57619505669413,1.0244604316546764,268.8449592157851,284.75897,260.7697287111392,261.0061767682474,51.15504078421492,35.24102783203125,59.23027128886082,58.99382323175257,51.15504078421492,35.24102783203125,59.23027128886082,58.99382323175257,15.985950245067162
2025-07-03,Thursday,3,7,1,0,0,0,1,0,0,43.0,0.4338837391175582,-0.900968867902419,-0.4999999999999997,-0.8660254037844388,0,0,27,184,273.0,320.0,188.0,217.0,255.0,235.0,273.0,241.66666666666663,69.37098336720709,320.0,188.0,231.57142857142856,70.35826685106449,320.0,104.0,223.2142857142857,67.90851149941328,320.0,85.0,223.78571428571428,64.76244747671707,320.0,85.0,240.61326205072385,230.3660357158016,1.030187480139816,227.53047833648057,241.55359,219.2472557332043,221.79059040904997,45.46952166351943,31.4464111328125,53.7527442667957,51.20940959095003,45.46952166351943,31.4464111328125,53.7527442667957,51.20940959095003,16.655502440849606
2025-07-04,Friday,4,7,1,0,0,0,1,0,0,42.0,-0.433883739117558,-0.9009688679024191,-0.4999999999999997,-0.8660254037844388,0,0,27,185,247.0,273.0,320.0,188.0,258.0,232.0,242.0,260.3333333333333,66.90540586031385,320.0,188.0,234.14285714285717,71.67386453333421,320.0,104.0,225.92857142857144,69.16364572598745,320.0,85.0,224.25,65.07751787932041,320.0,85.0,248.70994653804289,236.05056428702807,1.0394799429205643,239.17443505907121,245.50415,241.72502067908786,230.29413410750084,7.8255649409287855,1.495849609375,5.274979320912138,16.705865892499162,7.8255649409287855,1.495849609375,5.274979320912138,16.705865892499162,3.1682449153557837
2025-07-05,Saturday,5,7,1,0,1,0,1,0,0,41.0,-0.9749279121818236,-0.2225209339563146,-0.4999999999999997,-0.8660254037844388,0,1,27,186,102.0,247.0,273.0,320.0,104.0,85.0,117.0,280.0,36.99999999999972,320.0,247.0,232.57142857142856,71.18252862151124,320.0,104.0,227.0,69.38077765269225,320.0,85.0,225.6071428571429,65.14390866365612,320.0,85.0,248.28245990353216,237.51048904875768,1.0263199369582348,119.63898307865718,124.44062,115.43687689661367,119.03945191699458,-17.638983078657176,-22.44062042236328,-13.436876896613668,-17.03945191699458,17.638983078657176,22.44062042236328,13.436876896613668,17.03945191699458,17.293120665350173
2025-07-06,Sunday,6,7,1,0,1,0,1,0,0,40.0,-0.7818314824680299,0.6234898018587334,-0.4999999999999997,-0.8660254037844388,0,1,27,187,260.0,102.0,247.0,273.0,279.0,270.0,290.0,207.33333333333331,92.14300479870042,273.0,102.0,232.28571428571428,71.78605780538433,320.0,102.0,228.2142857142857,66.80531827220466,320.0,102.0,226.17857142857144,63.93286616178967,320.0,85.0,211.7118449276491,219.44242384225663,1.0224807420216948,255.60479871400275,255.52438,259.22969628992416,252.06031630716225,4.395201285997246,4.475616455078125,0.7703037100758365,7.939683692837747,4.395201285997246,4.475616455078125,0.7703037100758365,7.939683692837747,1.6904620330758637
2025-07-07,Monday,7,7,1,0,0,0,1,0,0,39.0,0.0,1.0,-0.4999999999999997,-0.8660254037844388,0,0,28,188,225.0,260.0,102.0,247.0,217.0,196.0,194.0,203.0,87.70974860299164,260.0,102.0,229.57142857142856,70.06391639747427,320.0,102.0,227.5,66.37625849886166,320.0,102.0,226.32142857142856,64.00639642308195,320.0,85.0,223.78388369573685,224.8501006632891,1.009897879025923,205.29999273842176,211.35507,197.56068822367982,206.98421797010107,19.700007261578236,13.644927978515625,27.43931177632018,18.01578202989893,19.700007261578236,13.644927978515625,27.43931177632018,18.01578202989893,8.755558782923659
2025-07-08,Tuesday,8,7,0,0,0,0,1,0,0,38.0,0.7818314824680298,0.6234898018587336,-0.4999999999999997,-0.8660254037844388,0,0,28,189,197.0,225.0,260.0,102.0,188.0,185.0,206.0,195.66666666666663,82.98393418809047,260.0,102.0,230.7142857142857,69.88970903195485,320.0,102.0,229.57142857142856,65.767322123838,320.0,102.0,227.67857142857144,63.54295926345897,320.0,85.0,224.08791277180265,224.87008724151724,1.0089020771513355,187.45738777494955,186.15292,177.67345633355967,198.54578340730458,9.542612225050448,10.847076416015625,19.32654366644033,-1.545783407304583,9.542612225050448,10.847076416015625,19.32654366644033,1.545783407304583,4.843965596472309
2025-07-09,Wednesday,9,7,0,0,0,0,1,0,0,37.0,0.9749279121818236,-0.2225209339563143,-0.4999999999999997,-0.8660254037844388,0,0,28,190,374.0,197.0,225.0,260.0,320.0,301.0,308.0,227.33333333333331,31.56474826976009,260.0,197.0,232.0,69.05070600652743,320.0,102.0,230.42857142857144,65.21764070664219,320.0,102.0,226.5,63.80380808326303,320.0,85.0,217.315934578852,221.15407560931493,1.0197802197802197,283.930848885768,301.9624,265.74675125647843,284.0833930570755,90.069151114232,72.03759765625,108.25324874352157,89.91660694292449,90.069151114232,72.03759765625,108.25324874352157,89.91660694292449,24.082660725730484
2025-07-10,Thursday,10,7,0,0,0,0,1,0,0,36.0,0.4338837391175582,-0.900968867902419,-0.4999999999999997,-0.8660254037844388,0,0,28,191,279.0,374.0,197.0,225.0,273.0,255.0,235.0,265.3333333333333,95.14375088955298,374.0,197.0,239.7142857142857,82.27132810749634,374.0,102.0,235.64285714285717,73.66515421184536,374.0,102.0,229.75,68.9023060410732,374.0,85.0,256.486950934139,241.5335321947396,1.038848475468194,241.36509068616888,242.82115,236.78100284808272,244.49311747702558,37.634909313831116,36.17884826660156,42.21899715191728,34.50688252297442,37.634909313831116,36.17884826660156,42.21899715191728,34.50688252297442,13.489214807824773
2025-07-11,Friday,11,7,0,0,0,0,1,0,0,35.0,-0.433883739117558,-0.9009688679024191,-0.4999999999999997,-0.8660254037844388,0,0,28,192,291.0,279.0,374.0,197.0,247.0,258.0,232.0,283.3333333333333,88.57953111940313,374.0,197.0,240.57142857142856,82.706019818908,374.0,102.0,237.3571428571429,74.42560264902356,374.0,102.0,229.9642857142857,69.05096461517137,374.0,85.0,262.1152132006042,246.52906123544105,1.0415957940312357,251.4497344944126,250.77818,252.6555967643789,250.91542373546045,39.55026550558739,40.22181701660156,38.34440323562109,40.08457626453955,39.55026550558739,40.22181701660156,38.34440323562109,40.08457626453955,13.591156531129688
2025-07-12,Saturday,12,7,0,0,1,0,1,0,0,34.0,-0.9749279121818236,-0.2225209339563146,-0.4999999999999997,-0.8660254037844388,0,0,28,193,97.0,291.0,279.0,374.0,102.0,104.0,85.0,314.6666666666667,51.73329037798872,374.0,279.0,246.8571428571429,84.91844827328602,374.0,102.0,239.7142857142857,75.64230457725527,374.0,102.0,231.7142857142857,69.98193266458732,374.0,85.0,269.3364099004532,252.45851973738223,1.0607734806629834,129.15104679169872,132.72607,125.45332585422555,129.27374030212061,-32.15104679169872,-35.72607421875,-28.453325854225554,-32.273740302120615,32.15104679169872,35.72607421875,28.453325854225554,32.273740302120615,33.14540906360693
2025-07-13,Sunday,13,7,0,0,1,0,1,0,0,33.0,-0.7818314824680299,0.6234898018587334,-0.4999999999999997,-0.8660254037844388,0,0,28,194,335.0,97.0,291.0,279.0,260.0,279.0,270.0,222.33333333333331,108.70755876816165,291.0,97.0,246.14285714285717,86.34895979189761,374.0,97.0,239.2142857142857,76.62514005150072,374.0,97.0,231.0,71.28606949259888,374.0,85.0,226.2523074253399,231.7307171057313,1.060960591133005,254.12282368844683,256.0866,253.41110360566043,252.87075857296134,80.87717631155317,78.91339111328125,81.58889639433957,82.12924142703866,80.87717631155317,78.91339111328125,81.58889639433957,82.12924142703866,24.142440690015874
2025-07-14,Monday,14,7,0,0,0,0,1,0,0,32.0,0.0,1.0,-0.4999999999999997,-0.8660254037844388,0,0,29,195,223.0,335.0,97.0,291.0,225.0,217.0,196.0,241.0,126.63332894621377,335.0,97.0,256.85714285714283,92.76929910882563,374.0,97.0,243.2142857142857,80.23827838806945,374.0,97.0,232.6071428571429,73.1484230789819,374.0,85.0,253.4392305690049,245.49995482496712,1.0995260663507107,225.12061821287867,230.1991,213.07910392250406,232.08365403644456,-2.120618212878668,-7.1990966796875,9.92089607749594,-9.083654036444557,2.120618212878668,7.1990966796875,9.92089607749594,9.083654036444557,0.9509498712460395
2025-07-15,Tuesday,15,7,0,0,0,0,1,0,0,31.0,0.7818314824680298,0.6234898018587336,-0.4999999999999997,-0.8660254037844388,0,0,29,196,459.0,223.0,335.0,97.0,197.0,188.0,185.0,218.33333333333331,119.06860767361528,335.0,97.0,256.57142857142856,92.88677182975132,374.0,97.0,243.64285714285717,80.10340158229835,374.0,97.0,233.64285714285717,72.78594404686653,374.0,85.0,245.8294229267537,242.49996084830485,1.0934550989345508,203.73817603493376,199.64116,196.9315559235442,214.64181312363985,255.26182396506624,259.3588409423828,262.06844407645576,244.35818687636015,255.26182396506624,259.3588409423828,262.06844407645576,244.35818687636015,55.612597813739924
2025-07-16,Wednesday,16,7,0,0,0,0,1,0,0,30.0,0.9749279121818236,-0.2225209339563143,-0.4999999999999997,-0.8660254037844388,0,0,29,197,322.0,459.0,223.0,335.0,374.0,320.0,301.0,339.0,118.05083650698948,459.0,223.0,294.0,115.0289818552985,459.0,97.0,263.0,96.65640971224592,459.0,97.0,242.67857142857144,84.05820451348981,459.0,85.0,299.12206719506526,271.3666327351975,1.2065074014363184,399.9171025132784,425.34927,382.4286050816205,391.97342877657405,-77.9171025132784,-103.34927368164062,-60.4286050816205,-69.97342877657405,77.9171025132784,103.34927368164062,60.4286050816205,69.97342877657405,24.197857923378383
2025-07-17,Thursday,17,7,0,0,0,0,1,0,0,29.0,0.4338837391175582,-0.900968867902419,-0.4999999999999997,-0.8660254037844388,0,0,29,198,328.0,322.0,459.0,223.0,279.0,273.0,255.0,334.6666666666667,118.50879010998844,459.0,223.0,286.57142857142856,110.595143267169,459.0,97.0,263.1428571428572,96.74856957229768,459.0,97.0,243.17857142857144,84.50161233238346,459.0,85.0,304.84155039629894,278.1177483705045,1.1736141582565454,272.3217526882331,265.99747,275.063029081,275.9047619426838,55.67824731176688,62.002532958984375,52.936970918999975,52.09523805731618,55.67824731176688,62.002532958984375,52.936970918999975,52.09523805731618,16.975075399928926
2025-07-18,Friday,18,7,0,0,0,0,1,0,0,28.0,-0.433883739117558,-0.9009688679024191,-0.4999999999999997,-0.8660254037844388,0,0,29,199,335.0,328.0,322.0,459.0,291.0,247.0,258.0,369.6666666666667,77.42308010750595,459.0,322.0,293.57142857142856,111.58234200633616,459.0,97.0,267.07142857142856,98.2840970669403,459.0,97.0,246.5,85.98298711997629,459.0,85.0,310.6311627972242,284.76871525443727,1.1861471861471862,277.6962156438436,286.75577,267.46994912207055,278.86292998719443,57.30378435615643,48.244232177734375,67.53005087792945,56.137070012805566,57.30378435615643,48.244232177734375,67.53005087792945,56.137070012805566,17.105607270494456
2025-07-19,Saturday,19,7,0,0,1,0,1,0,0,27.0,-0.9749279121818236,-0.2225209339563146,-0.4999999999999997,-0.8660254037844388,0,0,29,200,142.0,335.0,328.0,322.0,97.0,102.0,104.0,328.3333333333333,6.506407098644711,335.0,322.0,299.85714285714283,112.64757516465288,459.0,97.0,273.35714285714283,99.70541775485592,459.0,97.0,250.17857142857144,87.52906546734768,459.0,85.0,316.7233720979182,291.46621988717897,1.193800654059434,152.32825498718796,149.89977,139.845344775478,167.23965517143745,-10.328254987187961,-7.8997650146484375,2.1546552245220028,-25.239655171437448,10.328254987187961,7.8997650146484375,2.1546552245220028,25.239655171437448,7.273419005061944
2025-07-20,Sunday,20,7,0,0,1,0,1,0,0,26.0,-0.7818314824680299,0.6234898018587334,-0.4999999999999997,-0.8660254037844388,0,0,29,201,306.0,142.0,335.0,328.0,335.0,260.0,279.0,268.3333333333333,109.46384486821806,335.0,142.0,306.2857142857143,99.67900863223258,459.0,142.0,276.2142857142857,94.87333950826522,459.0,97.0,252.2142857142857,84.14245290548828,459.0,97.0,273.04252907343863,271.53739056888844,1.2095909732016925,314.7979566162534,327.78894,303.69454878541956,312.91038063365306,-8.797956616253373,-21.7889404296875,2.3054512145804438,-6.910380633653062,8.797956616253373,21.7889404296875,2.3054512145804438,6.910380633653062,2.875149220997834
2025-07-21,Monday,21,7,0,0,0,0,1,0,0,25.0,0.0,1.0,-0.4999999999999997,-0.8660254037844388,0,0,30,202,209.0,306.0,142.0,335.0,223.0,225.0,217.0,261.0,104.0720903989152,335.0,142.0,302.1428571428572,98.88617795463692,459.0,142.0,279.5,95.06495754927872,459.0,97.0,253.5,84.69750094699725,459.0,97.0,281.281896805079,276.1324051597033,1.1872017962391244,262.6044285470055,263.27295,265.9082287826502,258.63210763961627,-53.60442854700551,-54.27294921875,-56.90822878265021,-49.632107639616265,53.60442854700551,54.27294921875,56.90822878265021,49.632107639616265,25.648051936366272
2025-07-22,Tuesday,22,7,0,0,0,0,1,0,0,24.0,0.7818314824680298,0.6234898018587336,-0.4999999999999997,-0.8660254037844388,0,0,30,203,183.0,209.0,306.0,142.0,459.0,197.0,188.0,219.0,82.45604889879209,306.0,142.0,300.1428571428572,100.87521758989892,459.0,142.0,278.35714285714283,95.86337003405276,459.0,97.0,253.9642857142857,84.40575816010389,459.0,97.0,263.21142260380924,267.1814178050762,1.177195685670262,282.6131606698982,266.70438,286.7635834548079,294.37152233418357,-99.6131606698982,-83.70437622070312,-103.76358345480787,-111.37152233418357,99.6131606698982,83.70437622070312,103.76358345480787,111.37152233418357,54.43342113109192
2025-07-23,Wednesday,23,7,0,0,0,0,1,0,0,23.0,0.9749279121818236,-0.2225209339563143,-0.4999999999999997,-0.8660254037844388,0,0,30,204,258.0,183.0,209.0,306.0,322.0,374.0,320.0,232.66666666666663,64.8254065419826,306.0,183.0,260.7142857142857,80.26978320163818,335.0,142.0,277.35714285714283,96.84532246586043,459.0,97.0,253.89285714285717,84.46710483343045,459.0,97.0,243.1585669528569,255.9572287643994,1.0228387277567603,348.7950333726401,352.2312,334.8338263538057,359.3200725922395,-90.79503337264009,-94.231201171875,-76.8338263538057,-101.32007259223951,90.79503337264009,94.231201171875,76.8338263538057,101.32007259223951,35.1918734002481
2025-07-24,Thursday,24,7,0,1,0,0,1,0,0,22.0,0.4338837391175582,-0.900968867902419,-0.4999999999999997,-0.8660254037844388,0,0,30,205,211.0,258.0,183.0,209.0,328.0,279.0,273.0,216.66666666666663,38.0832421588988,258.0,183.0,251.57142857142856,75.636977603235,335.0,142.0,269.07142857142856,92.81948095069296,459.0,97.0,252.3571428571429,83.9683424850251,459.0,97.0,246.86892521464267,256.22959826247944,0.9929517902452776,224.6300846295851,218.86047,205.29885444513815,249.73092581080468,-13.630084629585099,-7.8604736328125,5.701145554861853,-38.73092581080468,13.630084629585099,7.8604736328125,5.701145554861853,38.73092581080468,6.45975574861853
2025-07-25,Friday,25,7,0,1,0,0,1,0,0,21.0,-0.433883739117558,-0.9009688679024191,-0.4999999999999997,-0.8660254037844388,0,0,30,206,192.0,211.0,258.0,183.0,335.0,291.0,247.0,217.33333333333331,37.898988552906346,258.0,183.0,234.8571428571429,68.52597700003555,335.0,142.0,264.2142857142857,94.0312375031491,459.0,97.0,250.78571428571428,84.32800033329127,459.0,97.0,237.901693910982,250.1989851608155,0.9327659574468086,226.37381847814655,220.03503,208.42023357899865,250.6661876757535,-34.373818478146546,-28.0350341796875,-16.420233578998648,-58.66618767575349,34.373818478146546,28.0350341796875,16.420233578998648,58.66618767575349,17.903030457367993
2025-07-26,Saturday,26,7,0,1,1,0,1,0,0,20.0,-0.9749279121818236,-0.2225209339563146,-0.4999999999999997,-0.8660254037844388,1,0,30,207,109.0,192.0,211.0,258.0,142.0,97.0,102.0,220.33333333333331,33.975481355432265,258.0,192.0,214.42857142857144,53.325594676655136,306.0,142.0,257.1428571428572,95.5718474341583,459.0,97.0,248.42857142857144,85.03830447223862,459.0,97.0,226.4262704332365,242.4391204727068,0.8596792668957617,105.6612687675107,99.04501,92.09362786177618,125.84516501302156,3.3387312324892946,9.954986572265625,16.906372138223816,-16.845165013021557,3.3387312324892946,9.954986572265625,16.906372138223816,16.845165013021557,3.063056176595683
2025-07-27,Sunday,27,7,0,1,1,0,1,0,0,19.0,-0.7818314824680299,0.6234898018587334,-0.4999999999999997,-0.8660254037844388,1,0,30,208,199.0,109.0,192.0,211.0,306.0,335.0,260.0,170.66666666666666,54.24327915358125,211.0,109.0,209.7142857142857,61.61091430829948,306.0,109.0,258.0,94.0670791755298,459.0,109.0,248.6071428571429,84.72847231694877,459.0,97.0,197.0697028249274,224.6472377430125,0.8401774216626127,232.33170832135477,230.75725,231.0918064798832,235.14607055937645,-33.33170832135477,-31.757247924804688,-32.09180647988319,-36.146070559376454,33.33170832135477,31.757247924804688,32.09180647988319,36.146070559376454,16.74960217153506
2025-07-28,Monday,28,7,0,1,0,0,1,0,0,18.0,0.0,1.0,-0.4999999999999997,-0.8660254037844388,0,0,31,209,176.0,199.0,109.0,192.0,209.0,223.0,225.0,166.66666666666666,50.06329327294943,199.0,109.0,194.42857142857144,44.69100260998362,258.0,109.0,248.28571428571428,92.51314132965824,459.0,109.0,245.75,85.01399666895777,459.0,97.0,197.55227711869557,221.2276060439442,0.7879577362860037,167.73342747119412,168.75081,173.77143092178022,160.6780427759818,8.266572528805881,7.2491912841796875,2.2285690782197776,15.321957224018206,8.266572528805881,7.2491912841796875,2.2285690782197776,15.321957224018206,4.696916209548796
2025-07-29,Tuesday,29,7,0,1,0,0,1,0,0,17.0,0.7818314824680298,0.6234898018587336,-0.4999999999999997,-0.8660254037844388,0,0,31,210,164.0,176.0,199.0,109.0,183.0,459.0,197.0,161.33333333333334,46.7582434799827,199.0,109.0,189.7142857142857,44.638228331456816,258.0,109.0,244.92857142857144,94.33611290381964,459.0,109.0,244.28571428571428,85.87624909560321,459.0,97.0,192.16420783902169,215.19725857141836,0.7734420500873618,190.68874629000257,182.32178,197.89661217115054,191.84784935510726,-26.68874629000257,-18.32177734375,-33.89661217115054,-27.847849355107257,26.68874629000257,18.32177734375,33.89661217115054,27.847849355107257,16.273625786586933
2025-07-30,Wednesday,30,7,0,1,0,0,1,0,0,16.0,0.9749279121818236,-0.2225209339563143,-0.4999999999999997,-0.8660254037844388,0,0,31,211,224.0,164.0,176.0,199.0,258.0,322.0,374.0,179.66666666666666,17.785762095938935,199.0,164.0,187.0,45.68004670166735,258.0,109.0,223.8571428571429,73.48349594177033,335.0,109.0,243.42857142857144,86.57577651609608,459.0,97.0,185.12315587926625,208.37095742856255,0.7650496785505553,232.52723560826806,227.40735,228.5408395287384,241.63351866325334,-8.527235608268057,-3.4073486328125,-4.540839528738388,-17.63351866325334,8.527235608268057,3.4073486328125,4.540839528738388,17.63351866325334,3.806801610833954
2025-07-31,Thursday,31,7,0,1,0,0,1,0,0,15.0,0.4338837391175582,-0.900968867902419,-0.4999999999999997,-0.8660254037844388,0,0,31,212,147.0,224.0,164.0,176.0,211.0,328.0,279.0,188.0,31.74901573277512,224.0,164.0,182.14285714285717,38.04133090656394,224.0,109.0,216.8571428571429,67.86848950825315,335.0,109.0,240.0,85.32291603080579,459.0,97.0,194.84236690944968,210.4548297714209,0.7557794902193242,199.08166152783875,195.9897,197.28772570499524,203.96755856113828,-52.08166152783875,-48.98970031738281,-50.28772570499524,-56.967558561138276,52.08166152783875,48.98970031738281,50.28772570499524,56.967558561138276,35.4297017196182
2025-08-01,Friday,1,8,1,0,0,0,1,0,0,14.0,-0.433883739117558,-0.9009688679024191,-0.8660254037844384,-0.5000000000000004,0,0,31,213,126.0,147.0,224.0,164.0,192.0,335.0,291.0,178.33333333333334,40.45161719058137,224.0,147.0,173.0,37.63863263545184,224.0,109.0,203.92857142857144,62.05886075172662,335.0,109.0,235.5,86.8274150254396,459.0,97.0,182.88177518208727,201.9941858018981,0.7315010570824524,180.21179977302702,184.50699,183.53170879386548,172.59670199982494,-54.211799773027025,-58.506988525390625,-57.53170879386548,-46.596701999824944,54.211799773027025,58.506988525390625,57.53170879386548,46.596701999824944,43.02523791510081
2025-08-02,Saturday,2,8,1,0,1,0,1,0,0,13.0,-0.9749279121818236,-0.2225209339563146,-0.8660254037844384,-0.5000000000000004,0,1,31,214,95.0,126.0,147.0,224.0,109.0,142.0,97.0,165.66666666666666,51.59780357082405,224.0,126.0,163.57142857142858,40.26105290416791,224.0,109.0,189.0,52.50640986511143,306.0,109.0,231.17857142857144,89.21221207362093,459.0,97.0,168.66133138656545,191.8616276949784,0.7045069989232426,106.97686619596318,104.49913,107.11323525306315,109.31823308580294,-11.976866195963183,-9.499130249023438,-12.113235253063152,-14.318233085802945,11.976866195963183,9.499130249023438,12.113235253063152,14.318233085802945,12.607227574698086
2025-08-03,Sunday,3,8,1,0,1,0,1,0,0,12.0,-0.7818314824680299,0.6234898018587334,-0.8660254037844384,-0.5000000000000004,0,1,31,215,190.0,95.0,126.0,147.0,199.0,306.0,335.0,122.66666666666669,26.15976554431169,147.0,95.0,161.57142857142858,43.63048300923189,224.0,95.0,185.64285714285717,57.04870677811144,306.0,95.0,230.92857142857144,89.5965973938196,459.0,95.0,150.24599853992407,178.94674400231463,0.6966430551278103,140.09019486394732,134.74965,144.7892753809977,140.73166016299268,49.90980513605268,55.25035095214844,45.21072461900229,49.26833983700732,49.90980513605268,55.25035095214844,45.21072461900229,49.26833983700732,26.268318492659308
2025-08-04,Monday,4,8,1,0,0,0,1,0,0,11.0,0.0,1.0,-0.8660254037844384,-0.5000000000000004,0,0,32,216,167.0,190.0,95.0,126.0,176.0,209.0,223.0,137.0,48.44584605515749,190.0,95.0,160.28571428571428,42.46062601875514,224.0,95.0,177.35714285714286,45.47291187383656,258.0,95.0,228.42857142857144,89.73187573994794,459.0,95.0,160.18449890494304,180.4205114686727,0.6986301369863014,138.97038798964502,124.2569,156.5486706318463,136.10559636443247,28.02961201035498,42.74310302734375,10.451329368153694,30.894403635567528,28.02961201035498,42.74310302734375,10.451329368153694,30.894403635567528,16.784198808595796
2025-08-05,Tuesday,5,8,1,0,0,0,1,0,0,10.0,0.7818314824680298,0.6234898018587336,-0.8660254037844384,-0.5000000000000004,0,0,32,217,184.0,167.0,190.0,95.0,164.0,183.0,459.0,150.66666666666666,49.56140971898749,190.0,95.0,159.0,42.03966381089597,224.0,95.0,174.35714285714286,44.60184049816966,258.0,95.0,226.3571428571429,90.48028812776003,459.0,95.0,161.8883741787073,178.6311099395163,0.6993402450518379,161.3891215753243,157.08104,175.5735877986147,151.5127374986473,22.61087842467569,26.918960571289062,8.42641220138529,32.48726250135269,22.61087842467569,26.918960571289062,8.42641220138529,32.48726250135269,12.288520882975918
2025-08-06,Wednesday,6,8,1,0,0,0,1,0,0,9.0,0.9749279121818236,-0.2225209339563143,-0.8660254037844384,-0.5000000000000004,0,0,32,218,255.0,184.0,167.0,190.0,224.0,258.0,322.0,180.33333333333331,11.930353445449036,190.0,167.0,161.85714285714286,43.10231459921091,224.0,95.0,174.42857142857142,44.617544472161015,258.0,95.0,225.89285714285717,90.669664691329,459.0,95.0,167.41628063403047,179.3469619475808,0.7133637651503227,207.98091920696538,187.40967,226.00647975601004,210.52660989613616,47.01908079303462,67.59033203125,28.993520243989963,44.473390103863835,47.01908079303462,67.59033203125,28.993520243989963,44.473390103863835,18.438855212954753
2025-08-07,Thursday,7,8,1,0,0,0,1,0,0,8.0,0.4338837391175582,-0.900968867902419,-0.8660254037844384,-0.5000000000000004,0,0,32,219,193.0,255.0,184.0,167.0,147.0,211.0,328.0,202.0,46.67976006793519,255.0,167.0,166.28571428571428,51.35404653226389,255.0,95.0,174.21428571428572,44.190459414863454,255.0,95.0,221.64285714285717,86.14639318161264,459.0,95.0,189.31221047552285,189.43403368790337,0.7468719923002887,207.51128486030697,211.38322,204.7455686732094,206.4050614204068,-14.511284860306972,-18.383224487304688,-11.745568673209391,-13.40506142040681,14.511284860306972,18.383224487304688,11.745568673209391,13.40506142040681,7.518800445754908
2025-08-08,Friday,8,8,0,0,0,0,1,0,0,7.0,-0.433883739117558,-0.9009688679024191,-0.8660254037844384,-0.5000000000000004,0,0,32,220,132.0,193.0,255.0,184.0,126.0,192.0,335.0,210.66666666666663,38.65660788705247,255.0,184.0,172.85714285714286,51.41798832907953,255.0,95.0,172.92857142857142,43.2905466420952,255.0,95.0,218.57142857142856,85.55675117696796,459.0,95.0,190.23415785664213,189.9094958628496,0.7872478854912166,223.79803040671968,226.69708,226.8278944373874,217.8691142632403,-91.79803040671968,-94.69708251953125,-94.82789443738741,-85.8691142632403,91.79803040671968,94.69708251953125,94.82789443738741,85.8691142632403,69.54396242933309
2025-08-09,Saturday,9,8,0,0,1,0,1,0,0,6.0,-0.9749279121818236,-0.2225209339563146,-0.8660254037844384,-0.5000000000000004,0,0,32,221,70.0,132.0,193.0,255.0,95.0,109.0,142.0,193.33333333333331,61.50067750304328,255.0,132.0,173.71428571428572,50.549362955807176,255.0,95.0,168.64285714285714,44.21730803283167,255.0,95.0,212.89285714285717,85.84755622644623,459.0,95.0,175.6756183924816,182.188229747803,0.8121556186341626,134.46122406063947,138.06888,126.61275030648181,138.70204370160843,-64.46122406063947,-68.06887817382812,-56.612750306481814,-68.70204370160843,64.46122406063947,68.06887817382812,56.612750306481814,68.70204370160843,92.08746294377067
2025-08-10,Sunday,10,8,0,0,1,0,1,0,0,5.0,-0.7818314824680299,0.6234898018587334,-0.8660254037844384,-0.5000000000000004,0,0,32,222,243.0,70.0,132.0,193.0,190.0,199.0,306.0,131.66666666666666,61.50067750304345,193.0,70.0,170.14285714285714,57.44977102196338,255.0,70.0,165.85714285714286,49.21046971600982,255.0,70.0,211.92857142857144,87.33627160936214,459.0,70.0,149.2567137943612,167.2297991147626,0.7990607178799061,205.6724263666233,226.5052,216.94891152771584,173.56316432508385,37.32757363337669,16.494796752929688,26.051088472284164,69.43683567491615,37.32757363337669,16.494796752929688,26.051088472284164,69.43683567491615,15.361141412912216
2025-08-11,Monday,11,8,0,0,0,0,0,0,0,4.0,0.0,1.0,-0.8660254037844384,-0.5000000000000004,0,0,33,223,345.0,243.0,70.0,132.0,167.0,176.0,209.0,148.33333333333334,87.64892089086636,243.0,70.0,177.71428571428572,63.65981015186322,255.0,70.0,169.0,52.7665395142384,255.0,70.0,208.64285714285717,84.20926943158334,459.0,70.0,172.6925353457709,177.3324925661276,0.8477001703577514,239.24187291718826,235.91278,244.93856858683532,236.87426940301071,105.75812708281174,109.08721923828125,100.06143141316468,108.12573059698929,105.75812708281174,109.08721923828125,100.06143141316468,108.12573059698929,30.654529589220793
2025-08-12,Tuesday,12,8,0,0,0,0,0,0,0,3.0,0.7818314824680298,0.6234898018587336,-0.8660254037844384,-0.5000000000000004,0,0,33,224,315.0,345.0,243.0,70.0,184.0,164.0,183.0,219.33333333333331,139.01918332853683,345.0,70.0,203.14285714285717,89.12431125760646,345.0,70.0,181.07142857142856,70.75577093692861,345.0,70.0,213.0,88.04838737034572,459.0,70.0,215.76940150932816,199.6881602239773,0.9492656875834444,231.66968214687313,230.8464,215.19360831907065,248.96903309225178,83.33031785312687,84.15359497070312,99.80639168092935,66.03096690774822,83.33031785312687,84.15359497070312,99.80639168092935,66.03096690774822,26.454069159722817
2025-08-13,Wednesday,13,8,0,0,0,0,0,0,0,2.0,0.9749279121818236,-0.2225209339563143,-0.8660254037844384,-0.5000000000000004,0,0,33,225,431.0,315.0,345.0,243.0,255.0,224.0,258.0,301.0,52.42136968832437,345.0,243.0,221.8571428571429,97.7691644835395,345.0,70.0,191.8571428571429,78.98379302388278,345.0,70.0,207.8571428571429,76.60998594889497,345.0,70.0,240.5770511319961,215.06307219411363,1.0622435020519836,327.19623051101365,327.95786,312.13010516968575,341.5007311387458,103.80376948898635,103.04214477539062,118.86989483031425,89.49926886125422,103.80376948898635,103.04214477539062,118.86989483031425,89.49926886125422,24.084401273546717
2025-08-14,Thursday,14,8,0,0,0,0,0,0,0,1.0,0.4338837391175582,-0.900968867902419,-0.8660254037844384,-0.5000000000000004,0,0,33,226,212.0,431.0,315.0,345.0,193.0,147.0,211.0,363.6666666666667,60.21074101298947,431.0,315.0,247.0,126.20750109772888,431.0,70.0,206.64285714285717,101.60073223756208,431.0,70.0,211.75,84.94121060627283,431.0,70.0,288.18278834899706,243.85466256823184,1.1609870740305523,236.03229495168353,231.75658,233.54038787967528,242.7999204372894,-24.032294951683525,-19.756576538085938,-21.54038787967528,-30.799920437289387,24.032294951683525,19.756576538085938,21.54038787967528,30.799920437289387,11.33598818475638
2025-08-15,Friday,15,8,0,0,0,1,0,0,0,0.0,-0.433883739117558,-0.9009688679024191,-0.8660254037844384,-0.5000000000000004,0,0,33,227,225.0,212.0,431.0,315.0,132.0,126.0,192.0,319.3333333333333,109.56428858589511,431.0,212.0,249.7142857142857,125.05160839391338,431.0,70.0,211.28571428571428,100.1402313461774,431.0,70.0,207.6071428571429,81.83331716936408,431.0,70.0,269.1370912617478,239.60737422580087,1.197055298750214,210.92955189315856,207.00319,197.928166708926,227.85729988363565,14.07044810684144,17.996810913085938,27.071833291074,-2.8572998836356476,14.07044810684144,17.996810913085938,27.071833291074,2.8572998836356476,6.253532491929529
2025-08-16,Saturday,16,8,0,0,1,1,0,0,0,0.0,-0.9749279121818236,-0.2225209339563146,-0.8660254037844384,-0.5000000000000004,0,0,33,228,98.0,225.0,212.0,431.0,70.0,95.0,109.0,289.3333333333333,122.85899777115762,431.0,212.0,263.0,114.9971014127454,431.0,70.0,218.3571428571429,97.10391510989824,431.0,70.0,203.67857142857144,78.04369790744619,431.0,70.0,258.10281844631083,237.65972432902748,1.2849415459780145,123.67637777663651,129.61787,118.09634921543378,123.31490996896792,-25.676377776636514,-31.617874145507812,-20.096349215433776,-25.314909968967925,25.676377776636514,31.617874145507812,20.096349215433776,25.314909968967925,26.20038548636379
2025-08-17,Sunday,17,8,0,0,1,1,0,0,0,0.0,-0.7818314824680299,0.6234898018587334,-0.8660254037844384,-0.5000000000000004,0,0,33,229,300.0,98.0,225.0,212.0,243.0,190.0,199.0,178.33333333333334,69.87369557518296,225.0,98.0,267.0,107.40111731262353,431.0,98.0,218.57142857142856,96.81363086300978,431.0,70.0,202.1071428571429,79.75580289382106,431.0,70.0,218.07711383473315,219.03842775182383,1.31457710567962,249.7435087822067,243.61441,260.5912705908737,245.0248453553557,50.2564912177933,56.385589599609375,39.408729409126295,54.975154644644306,50.2564912177933,56.385589599609375,39.408729409126295,54.975154644644306,16.752163739264432
2025-08-18,Monday,18,8,0,0,0,0,0,0,0,6.0,0.0,1.0,-0.8660254037844384,-0.5000000000000004,0,0,34,230,331.0,300.0,98.0,225.0,345.0,167.0,176.0,207.66666666666663,102.10941843597648,300.0,98.0,275.1428571428572,107.43901924879424,431.0,98.0,226.42857142857144,98.76056070946716,431.0,70.0,201.89285714285717,79.47389009196131,431.0,70.0,238.55783537604984,229.83330405158063,1.3560992782960748,283.9911567372163,283.31857,277.53625875560283,291.1186384579991,47.00884326278373,47.681427001953125,53.46374124439717,39.88136154200089,47.00884326278373,47.681427001953125,53.46374124439717,39.88136154200089,14.202067450992063
2025-08-19,Tuesday,19,8,0,0,0,0,0,0,0,5.0,0.7818314824680298,0.6234898018587336,-0.8660254037844384,-0.5000000000000004,0,0,34,231,316.0,331.0,300.0,98.0,315.0,184.0,164.0,243.0,126.52667702899647,331.0,98.0,273.1428571428572,106.0431179150386,431.0,98.0,238.14285714285717,100.87300251981516,431.0,70.0,206.25,83.13782621736081,431.0,70.0,261.66837653203737,243.32219684470323,1.317938997070481,271.24931409506274,267.87418,259.71971761583933,286.1540486439584,44.75068590493726,48.125823974609375,56.28028238416067,29.84595135604161,44.75068590493726,48.125823974609375,56.28028238416067,29.84595135604161,14.16160946358774
2025-08-20,Wednesday,20,8,0,0,0,0,0,0,0,4.0,0.9749279121818236,-0.2225209339563143,-0.8660254037844384,-0.5000000000000004,0,0,34,232,509.0,316.0,331.0,300.0,431.0,255.0,224.0,315.6666666666667,15.502687938976804,331.0,300.0,273.2857142857143,106.10955704006128,431.0,98.0,247.57142857142856,101.58945605926624,431.0,70.0,211.0,85.52539150797575,431.0,70.0,275.251282399028,253.0125705987428,1.2890835579514826,436.3155937543772,446.87143,426.3519356259783,435.7234161937938,72.68440624562282,62.128570556640625,82.64806437402171,73.27658380620619,72.68440624562282,62.128570556640625,82.64806437402171,73.27658380620619,14.279844056114504
2025-08-21,Thursday,21,8,0,0,0,0,0,0,0,3.0,0.4338837391175582,-0.900968867902419,-0.8660254037844384,-0.5000000000000004,0,0,34,233,305.0,509.0,316.0,331.0,212.0,193.0,147.0,385.3333333333333,107.36076254075913,509.0,316.0,284.42857142857144,127.39290553618876,509.0,98.0,265.7142857142857,123.3652666312079,509.0,70.0,219.9642857142857,102.16888057882448,509.0,70.0,333.688461799271,287.1442278522438,1.287215128495232,301.7919008783715,294.9733,314.07003301996104,296.33237249601285,3.208099121628493,10.026702880859375,-9.070033019961045,8.667627503987148,3.208099121628493,10.026702880859375,9.070033019961045,8.667627503987148,1.0518357775831124
2025-08-22,Friday,22,8,0,0,0,0,0,0,0,2.0,-0.433883739117558,-0.9009688679024191,-0.8660254037844384,-0.5000000000000004,0,0,34,234,402.0,305.0,509.0,316.0,225.0,132.0,126.0,376.6666666666667,114.73592869425543,509.0,305.0,297.7142857142857,123.36627616669816,509.0,98.0,273.7142857142857,121.9100731443712,509.0,70.0,223.32142857142856,103.4003558885729,509.0,70.0,326.5163463494533,289.52499747194463,1.3271772010826302,318.83977626418624,323.79828,329.34891104417414,303.3721389397908,83.16022373581376,78.20172119140625,72.65108895582586,98.62786106020923,83.16022373581376,78.20172119140625,72.65108895582586,98.62786106020923,20.68662281985417
2025-08-23,Saturday,23,8,0,0,1,0,0,0,0,1.0,-0.9749279121818236,-0.2225209339563146,-0.8660254037844384,-0.5000000000000004,0,0,34,235,141.0,402.0,305.0,509.0,98.0,70.0,95.0,405.3333333333333,102.04084149659516,509.0,305.0,323.0,124.11553757151692,509.0,98.0,293.0,119.09078631286047,509.0,70.0,230.82142857142856,108.5329967137244,509.0,70.0,345.38725976209,304.5216644756854,1.3933138191341856,156.87840500609695,166.8461,158.84771624305904,144.94139892171623,-15.878405006096955,-25.846099853515625,-17.84771624305904,-3.941398921716228,15.878405006096955,25.846099853515625,17.84771624305904,3.941398921716228,11.261280146168053
2025-08-24,Sunday,24,8,0,1,1,1,0,0,0,0.0,-0.7818314824680299,0.6234898018587334,-0.8660254037844384,-0.5000000000000004,1,0,34,236,375.0,141.0,402.0,305.0,300.0,243.0,190.0,282.6666666666667,131.9254840178095,402.0,141.0,329.1428571428572,111.55182438584092,509.0,141.0,298.07142857142856,110.03108951264942,509.0,98.0,231.9642857142857,107.36489602971184,509.0,70.0,294.29044482156746,282.7187758789274,1.4128468496090756,306.6750551067823,300.8483,312.16053232425014,307.016335876956,68.32494489321772,74.15170288085938,62.83946767574986,67.98366412304398,68.32494489321772,74.15170288085938,62.83946767574986,67.98366412304398,18.219985304858056
2025-08-25,Monday,25,8,0,1,0,0,0,0,0,5.0,0.0,1.0,-0.8660254037844384,-0.5000000000000004,0,0,35,237,345.0,375.0,141.0,402.0,331.0,345.0,167.0,306.0,143.5304845668681,402.0,141.0,339.85714285714283,111.8874860018291,509.0,141.0,307.5,110.60306714344983,509.0,98.0,238.25,110.4705843199896,509.0,70.0,314.4678336161756,295.0229390950704,1.4205105239587996,354.1964132073819,358.94186,353.7986157438114,349.84875986466227,-9.196413207381909,-13.941864013671875,-8.79861574381141,-4.84875986466227,9.196413207381909,13.941864013671875,8.79861574381141,4.84875986466227,2.6656270166324374
2025-08-26,Tuesday,26,8,0,1,0,0,0,0,0,4.0,0.7818314824680298,0.6234898018587336,-0.8660254037844384,-0.5000000000000004,0,0,35,238,292.0,345.0,375.0,141.0,316.0,315.0,184.0,287.0,127.32635233917593,375.0,141.0,341.85714285714283,111.8278864616343,509.0,141.0,307.5,110.60306714344983,509.0,98.0,244.28571428571428,111.55495478242044,509.0,70.0,322.1008752121317,301.6865472157277,1.3937099592312172,307.72974389322957,314.2125,294.963039912995,314.0136978702094,-15.729743893229568,-22.212493896484375,-2.9630399129949865,-22.0136978702094,15.729743893229568,22.212493896484375,2.9630399129949865,22.0136978702094,5.38689859357177
2025-08-27,Wednesday,27,8,0,1,0,0,0,0,0,3.0,0.9749279121818236,-0.2225209339563143,-0.8660254037844384,-0.5000000000000004,0,0,35,239,449.0,292.0,345.0,375.0,509.0,431.0,255.0,337.3333333333333,42.027768598074296,375.0,292.0,338.42857142857144,113.11330181556468,509.0,141.0,305.85714285714283,110.65390058324073,509.0,98.0,248.8571428571429,110.76291473423407,509.0,70.0,314.5756564090988,300.395007586964,1.3544882790165809,523.8617225894864,522.4078,536.176751051699,513.000640837854,-74.86172258948636,-73.40777587890625,-87.17675105169894,-64.00064083785401,74.86172258948636,73.40777587890625,87.17675105169894,64.00064083785401,16.67298944086556
2025-08-28,Thursday,28,8,0,1,0,0,0,0,0,2.0,0.4338837391175582,-0.900968867902419,-0.8660254037844384,-0.5000000000000004,0,0,35,240,232.0,449.0,292.0,345.0,305.0,212.0,193.0,362.0,79.86864215698132,449.0,292.0,329.85714285714283,99.48606028221324,449.0,141.0,307.1428571428572,112.31196740320254,509.0,98.0,256.8928571428572,116.88529967632032,509.0,70.0,348.18174230682405,320.20900657536885,1.2790472233762635,300.5960578493279,297.5527,303.8734176517366,300.3620520388252,-68.5960578493279,-65.55270385742188,-71.87341765173659,-68.3620520388252,68.5960578493279,65.55270385742188,71.87341765173659,68.3620520388252,29.567266314365476
2025-08-29,Friday,29,8,0,1,0,0,0,0,1,1.0,-0.433883739117558,-0.9009688679024191,-0.8660254037844384,-0.5000000000000004,0,0,35,241,270.0,232.0,449.0,292.0,402.0,225.0,132.0,324.3333333333333,112.0550459967479,449.0,232.0,319.42857142857144,106.13019856581352,449.0,141.0,308.57142857142856,111.12966389673916,509.0,98.0,259.92857142857144,115.01430782859552,509.0,70.0,319.136306730118,308.44780569865304,1.2241992882562278,284.73994345010925,281.854,289.51844332361907,282.8473831204587,-14.739943450109251,-11.85400390625,-19.518443323619067,-12.847383120458687,14.739943450109251,11.85400390625,19.518443323619067,12.847383120458687,5.459238314855278
2025-08-30,Saturday,30,8,0,1,1,1,0,0,1,0.0,-0.9749279121818236,-0.2225209339563146,-0.8660254037844384,-0.5000000000000004,1,0,35,242,88.0,270.0,232.0,449.0,141.0,98.0,70.0,317.0,115.8835622510801,449.0,232.0,300.57142857142856,100.59631726668223,449.0,141.0,311.7857142857143,109.15985354686784,509.0,98.0,265.07142857142856,111.9834407637617,509.0,70.0,306.8522300475885,303.3214316054993,1.1296644295302014,132.2111279078577,125.88887,120.292465727867,150.45204775644828,-44.2111279078577,-37.88887023925781,-32.292465727867,-62.45204775644828,44.2111279078577,37.88887023925781,32.292465727867,62.45204775644828,50.23991807711102
2025-08-31,Sunday,31,8,0,1,1,1,0,0,0,0.0,-0.7818314824680299,0.6234898018587334,-0.8660254037844384,-0.5000000000000004,1,0,35,243,293.0,88.0,270.0,232.0,375.0,300.0,243.0,196.66666666666663,96.0069441932892,270.0,88.0,293.0,115.498917743847,449.0,88.0,311.07142857142856,110.68838052125253,509.0,88.0,264.82142857142856,112.38427910733829,509.0,70.0,252.13917253569136,274.61190739143274,1.1022437189305387,256.8138254890691,257.0389,236.8261136973048,276.57645285779313,36.186174510930925,35.961090087890625,56.173886302695195,16.42354714220687,36.186174510930925,35.961090087890625,56.173886302695195,16.42354714220687,12.350230208508847
2025-09-01,Monday,1,9,1,0,0,0,0,0,0,4.0,0.0,1.0,-1.0,-1.8369701987210294e-16,0,0,36,244,425.0,293.0,88.0,270.0,345.0,331.0,345.0,217.0,112.30761327710606,293.0,88.0,281.2857142857143,109.81456230954991,449.0,88.0,310.57142857142856,110.75802751647696,509.0,88.0,268.5,111.52694409540317,509.0,70.0,262.3543794017685,277.06365307257505,1.043731778425656,328.5232964255301,325.65714,305.9077170938819,354.00503717294265,96.47670357446992,99.34286499023438,119.0922829061181,70.99496282705735,96.47670357446992,99.34286499023438,119.0922829061181,70.99496282705735,22.700400841051746
2025-09-02,Tuesday,2,9,1,0,0,0,0,0,0,3.0,0.7818314824680298,0.6234898018587336,-1.0,-1.8369701987210294e-16,0,0,36,245,440.0,425.0,293.0,88.0,292.0,316.0,315.0,268.6666666666667,169.812641853701,425.0,88.0,292.7142857142857,121.13039019408536,449.0,88.0,317.2857142857143,114.86475563858612,509.0,88.0,277.7142857142857,113.47143779721448,509.0,70.0,303.0157845513264,296.78849932956507,1.0502306509482318,327.0590531950781,315.26617,313.2345188152147,352.67646645361344,112.94094680492191,124.73382568359375,126.7654811847853,87.32353354638656,112.94094680492191,124.73382568359375,126.7654811847853,87.32353354638656,25.668397001118617
2025-09-03,Wednesday,3,9,1,0,0,0,0,0,0,2.0,0.9749279121818236,-0.2225209339563143,-1.0,-1.8369701987210294e-16,0,0,36,246,532.0,440.0,425.0,293.0,449.0,509.0,431.0,386.0,80.88881257627618,440.0,293.0,313.85714285714283,133.2909456432662,449.0,88.0,326.1428571428572,119.44735379936364,509.0,88.0,286.85714285714283,115.9277278964701,509.0,70.0,337.2618384134948,315.8833660856231,1.0903225806451613,543.3427682177327,558.38684,536.8495035183191,534.7919603145663,-11.342768217732669,-26.3868408203125,-4.849503518319125,-2.7919603145662677,11.342768217732669,26.3868408203125,4.849503518319125,2.7919603145662677,2.132099289047494
2025-09-04,Thursday,4,9,1,0,0,0,0,0,0,1.0,0.4338837391175582,-0.900968867902419,-1.0,-1.8369701987210294e-16,0,0,36,247,265.0,532.0,440.0,425.0,232.0,305.0,212.0,465.6666666666667,57.93387034657043,532.0,425.0,325.7142857142857,149.96523406633753,532.0,88.0,327.7857142857143,122.2803705056091,532.0,88.0,296.75,124.60296203601284,532.0,70.0,385.9463788101211,344.6989172742067,1.0939186757826556,302.0394071438105,302.56406,305.0441351433321,298.51002989161486,-37.03940714381048,-37.564056396484375,-40.044135143332085,-33.51002989161486,37.03940714381048,37.564056396484375,40.044135143332085,33.51002989161486,13.977134771249236
2025-09-05,Friday,5,9,1,0,0,1,0,0,0,0.0,-0.433883739117558,-0.9009688679024191,-1.0,-1.8369701987210294e-16,0,0,36,248,290.0,265.0,532.0,440.0,270.0,402.0,225.0,412.3333333333333,135.63308347646327,532.0,265.0,330.42857142857144,147.0179775207294,532.0,88.0,324.92857142857144,123.3166432623534,532.0,88.0,299.32142857142856,123.11664254664186,532.0,70.0,355.7097841075908,334.07239497097913,1.10024973242954,377.2838236694879,372.2766,389.83064272605003,369.7442169542887,-87.2838236694879,-82.276611328125,-99.83064272605003,-79.74421695428867,87.2838236694879,82.276611328125,99.83064272605003,79.74421695428867,30.097870230857897
2025-09-06,Saturday,6,9,1,0,1,1,0,0,0,0.0,-0.9749279121818236,-0.2225209339563146,-1.0,-1.8369701987210294e-16,0,1,36,249,116.0,290.0,265.0,532.0,88.0,141.0,98.0,362.3333333333333,147.46638034933005,532.0,265.0,333.2857142857143,145.83748293416,532.0,88.0,316.92857142857144,121.5524352100546,532.0,88.0,304.9642857142857,118.70551241306607,532.0,70.0,339.2823380806931,328.1960756415153,1.0892961363371074,135.8523452030189,131.22672,133.302037740787,143.0282827803791,-19.8523452030189,-15.226715087890625,-17.302037740787,-27.0282827803791,19.8523452030189,15.226715087890625,17.302037740787,27.0282827803791,17.114090692257673
2025-09-07,Sunday,7,9,1,0,1,1,0,0,0,0.0,-0.7818314824680299,0.6234898018587334,-1.0,-1.8369701987210294e-16,0,1,36,250,400.0,116.0,290.0,265.0,293.0,375.0,300.0,223.66666666666663,94.07621024113024,290.0,116.0,337.2857142857143,138.17104651567954,532.0,116.0,315.1428571428572,124.4840781557454,532.0,88.0,306.60714285714283,115.61120645595292,532.0,88.0,283.4617535605198,299.9032655559799,1.0964820619993034,342.54446670993184,333.7313,362.7135684861236,331.1885389190624,57.45553329006816,66.26870727539062,37.28643151387638,68.81146108093759,57.45553329006816,66.26870727539062,37.28643151387638,68.81146108093759,14.36388332251704
2025-09-08,Monday,8,9,0,0,0,0,0,0,0,5.0,0.0,1.0,-1.0,-1.8369701987210294e-16,0,0,37,251,411.0,400.0,116.0,290.0,425.0,345.0,331.0,268.6666666666667,143.19683422943862,400.0,116.0,352.57142857142856,138.37371757051886,532.0,116.0,316.92857142857144,125.58323276476192,532.0,88.0,312.2142857142857,116.21766205506324,532.0,88.0,312.59631517038986,313.24949681518257,1.1256556442417331,387.2664987359794,386.31265,378.2271614074111,397.2596822126363,23.733501264020617,24.687347412109375,32.772838592588926,13.740317787363722,23.733501264020617,24.687347412109375,32.772838592588926,13.740317787363722,5.774574516793337
2025-09-09,Tuesday,9,9,0,0,0,0,0,0,0,4.0,0.7818314824680298,0.6234898018587336,-1.0,-1.8369701987210294e-16,0,0,37,252,418.0,411.0,400.0,116.0,440.0,292.0,316.0,309.0,167.23336987575166,411.0,116.0,350.57142857142856,137.24899166946807,532.0,116.0,321.6428571428572,127.93484347832764,532.0,88.0,314.57142857142856,117.5687123192307,532.0,88.0,337.1972363777924,326.28289723982493,1.11090991398823,344.0218321096399,348.72592,330.20774554557534,353.1318291524849,73.97816789036011,69.27407836914062,87.79225445442466,64.8681708475151,73.97816789036011,69.27407836914062,87.79225445442466,64.8681708475151,17.698126289559834
2025-09-10,Wednesday,10,9,0,0,0,0,0,0,0,3.0,0.9749279121818236,-0.2225209339563143,-1.0,-1.8369701987210294e-16,0,0,37,253,612.0,418.0,411.0,400.0,532.0,449.0,509.0,409.6666666666667,9.073771725872955,418.0,400.0,347.42857142857144,135.09485203966526,532.0,116.0,330.6428571428572,130.10268556493682,532.0,88.0,318.25,119.1829048765582,532.0,88.0,357.3979272833443,338.51184427451494,1.088264906589104,593.4788003464298,601.60547,582.3608125050424,596.4701197842471,18.521199653570193,10.39453125,29.639187494957582,15.529880215752883,18.521199653570193,10.39453125,29.639187494957582,15.529880215752883,3.026339812674868
2025-09-11,Thursday,11,9,0,0,0,0,0,0,0,2.0,0.4338837391175582,-0.900968867902419,-1.0,-1.8369701987210294e-16,0,0,37,254,375.0,612.0,418.0,411.0,265.0,232.0,305.0,480.3333333333333,114.08038101853104,612.0,411.0,358.85714285714283,155.1992574847236,612.0,116.0,342.2857142857143,147.62292326236974,612.0,88.0,324.7142857142857,129.9472420418595,612.0,88.0,421.0484454625082,374.97693170457967,1.1017543859649122,315.64886579628273,319.30292,315.3763866384342,312.2672932699451,59.351134203717265,55.69708251953125,59.62361336156579,62.73270673005487,59.351134203717265,55.69708251953125,59.62361336156579,62.73270673005487,15.82696912099127
2025-09-12,Friday,12,9,0,0,0,0,0,0,0,1.0,-0.433883739117558,-0.9009688679024191,-1.0,-1.8369701987210294e-16,0,0,37,255,282.0,375.0,612.0,418.0,290.0,270.0,402.0,468.3333333333333,126.2629531308896,612.0,375.0,374.57142857142856,149.57925117125174,612.0,116.0,352.5,144.3152265541812,612.0,88.0,330.5357142857143,128.3520858284268,612.0,88.0,409.5363340968812,374.9800074773024,1.129807174404826,331.2656647045381,332.70175,316.33776458510533,344.7574778195245,-49.265664704538096,-50.701751708984375,-34.33776458510533,-62.757477819524524,49.265664704538096,50.701751708984375,34.33776458510533,62.757477819524524,17.47009386685748
2025-09-13,Saturday,13,9,0,0,1,1,0,0,1,0.0,-0.9749279121818236,-0.2225209339563146,-1.0,-1.8369701987210294e-16,0,0,37,256,149.0,282.0,375.0,612.0,116.0,88.0,141.0,423.0,170.15581094984654,612.0,282.0,373.4285714285714,150.3616275770487,612.0,116.0,353.35714285714283,143.82233010684632,612.0,88.0,332.57142857142856,127.06178974301564,612.0,88.0,377.6522505726609,362.5826731469954,1.1194860813704497,157.12219622775135,156.78374,146.51935929982176,168.06349220081506,-8.122196227751346,-7.7837371826171875,2.480640700178242,-19.063492200815062,8.122196227751346,7.7837371826171875,2.480640700178242,19.063492200815062,5.451138407886809
2025-09-14,Sunday,14,9,0,0,1,1,0,0,1,0.0,-0.7818314824680299,0.6234898018587334,-1.0,-1.8369701987210294e-16,0,0,37,257,470.0,149.0,282.0,375.0,400.0,293.0,375.0,268.6666666666667,113.58843837879506,375.0,149.0,378.1428571428572,141.18242167662456,612.0,149.0,357.7142857142857,135.8689575523919,612.0,116.0,334.3928571428572,123.9008980584178,612.0,88.0,320.48918792949564,334.10498339406274,1.127462464061335,368.30306978928206,373.72165,357.6647152171137,373.5228449808106,101.69693021071794,96.27835083007812,112.33528478288628,96.47715501918941,101.69693021071794,96.27835083007812,112.33528478288628,96.47715501918941,21.63764472568467
2025-09-15,Monday,15,9,0,0,0,0,0,0,0,17.0,0.0,1.0,-1.0,-1.8369701987210294e-16,0,0,38,258,441.0,470.0,149.0,282.0,411.0,425.0,345.0,300.3333333333333,161.28339447486002,470.0,149.0,388.1428571428572,145.40452603160688,612.0,149.0,370.3571428571428,137.60791968647595,612.0,116.0,340.4642857142857,126.29521035546068,612.0,88.0,357.86689094712176,352.22431894152106,1.13670118188474,402.37694856295775,410.4933,384.27857827965016,412.3589812764104,38.62305143704225,30.5067138671875,56.72142172034984,28.641018723589582,38.62305143704225,30.5067138671875,56.72142172034984,28.641018723589582,8.758061550349716
2025-09-16,Tuesday,16,9,0,0,0,0,0,0,0,16.0,0.7818314824680298,0.6234898018587336,-1.0,-1.8369701987210294e-16,0,0,38,259,444.0,441.0,470.0,149.0,418.0,440.0,292.0,353.3333333333333,177.550931659998,470.0,149.0,392.4285714285714,146.62748394356055,612.0,149.0,371.5,138.16197294925556,612.0,116.0,344.3928571428572,127.69301709082026,612.0,88.0,378.65016821034135,364.0610764159849,1.1361803329541929,415.25087221474934,413.57736,408.05428629701305,424.12096828668814,28.749127785250664,30.422637939453125,35.94571370298695,19.87903171331186,28.749127785250664,30.422637939453125,35.94571370298695,19.87903171331186,6.475028780461861
2025-09-17,Wednesday,17,9,0,0,0,0,0,0,0,15.0,0.9749279121818236,-0.2225209339563143,-1.0,-1.8369701987210294e-16,0,0,38,260,572.0,444.0,441.0,470.0,612.0,532.0,449.0,451.6666666666667,15.947831618538,470.0,441.0,396.1428571428572,147.70852894741586,612.0,149.0,371.7857142857143,138.31857240633855,612.0,116.0,348.9642857142857,128.92417586198883,612.0,88.0,394.987626157756,374.7195995605203,1.1319522400244924,579.3138636755687,567.08417,586.8005523545604,584.0568711916769,-7.313863675568655,4.91583251953125,-14.80055235456041,-12.056871191676919,7.313863675568655,4.91583251953125,14.80055235456041,12.056871191676919,1.2786474957287859
2025-09-18,Thursday,18,9,0,0,0,0,0,0,0,14.0,0.4338837391175582,-0.900968867902419,-1.0,-1.8369701987210294e-16,0,0,38,261,411.0,572.0,444.0,441.0,375.0,265.0,232.0,485.6666666666667,74.78190511970945,572.0,441.0,390.4285714285714,138.44957823802054,572.0,149.0,374.6428571428572,142.2401042348722,612.0,116.0,351.2142857142857,132.32545656458683,612.0,88.0,439.240719618317,401.0236529524509,1.1084972622186169,326.4907568228206,326.9553,324.4586494910011,328.05832922941374,84.50924317717943,84.04470825195312,86.5413505089989,82.94167077058626,84.50924317717943,84.04470825195312,86.5413505089989,82.94167077058626,20.561859653814945
2025-09-19,Friday,19,9,0,0,0,0,0,0,0,13.0,-0.433883739117558,-0.9009688679024191,-1.0,-1.8369701987210294e-16,0,0,38,262,540.0,411.0,572.0,444.0,282.0,290.0,270.0,475.6666666666667,85.04312631443666,572.0,411.0,395.57142857142856,138.44957823802056,572.0,149.0,385.07142857142856,138.89590141027017,612.0,116.0,355.0,132.47054179871216,612.0,88.0,432.18053971373774,402.3538325587908,1.1111556982343498,361.315084349382,355.095,350.27142383276714,378.57882799467575,178.684915650618,184.90499877929688,189.72857616723286,161.42117200532425,178.684915650618,184.90499877929688,189.72857616723286,161.42117200532425,33.089799194558886
2025-09-20,Saturday,20,9,0,0,1,0,0,1,0,12.0,-0.9749279121818236,-0.2225209339563146,-1.0,-1.8369701987210294e-16,0,0,38,263,170.0,540.0,411.0,572.0,149.0,116.0,88.0,507.6666666666667,85.23105850177632,572.0,411.0,432.4285714285714,137.51467454161326,572.0,149.0,402.9285714285714,141.77363554717715,612.0,116.0,359.92857142857144,136.78096265939806,612.0,88.0,459.1354047853033,420.7066548842854,1.1981001385315655,182.533734302434,197.94882,181.65998234992074,167.99239853589694,-12.533734302433999,-27.948822021484375,-11.659982349920739,2.007601464103061,12.533734302433999,27.948822021484375,11.659982349920739,2.007601464103061,7.372784883784706
2025-09-21,Sunday,21,9,0,0,1,0,0,1,0,11.0,-0.7818314824680299,0.6234898018587334,-1.0,-1.8369701987210294e-16,0,0,38,264,546.0,170.0,540.0,411.0,470.0,400.0,293.0,373.6666666666667,187.80397581875968,540.0,170.0,435.4285714285714,130.34295421803904,572.0,170.0,406.7857142857143,133.88179549451536,612.0,149.0,360.9642857142857,135.1620377732829,612.0,88.0,386.8515535889775,387.279100899714,1.2029600394671929,450.83457099237813,444.51636,453.82571308220395,454.16164247305557,95.16542900762187,101.483642578125,92.17428691779605,91.83835752694443,95.16542900762187,101.483642578125,92.17428691779605,91.83835752694443,17.429565752311696
2025-09-22,Monday,22,9,0,0,0,0,0,1,0,10.0,0.0,1.0,-1.0,-1.8369701987210294e-16,0,0,39,265,378.0,546.0,170.0,540.0,441.0,411.0,425.0,418.6666666666667,215.3725454493521,546.0,170.0,446.2857142857143,136.71224559357591,572.0,170.0,417.2142857142857,138.90460399493276,612.0,149.0,367.07142857142856,139.60975466593834,612.0,88.0,426.63866519173314,408.4418874464188,1.2124975742286048,404.4433564037704,415.31335,389.5943676418923,408.4223470772314,-26.443356403770395,-37.3133544921875,-11.59436764189229,-30.422347077231393,26.443356403770395,37.3133544921875,11.59436764189229,30.422347077231393,6.99559693221439
2025-09-23,Tuesday,23,9,0,0,0,0,0,1,0,9.0,0.7818314824680298,0.6234898018587336,-1.0,-1.8369701987210294e-16,0,0,39,266,315.0,378.0,546.0,170.0,444.0,418.0,440.0,364.6666666666667,188.3542761217097,546.0,170.0,437.2857142857143,139.16981747217392,572.0,170.0,414.8571428571428,139.29761008654904,612.0,149.0,368.25,139.55580989007217,612.0,88.0,414.4789988937998,404.3829691202296,1.184253796305252,416.60463132673885,434.905,410.8653093689468,404.04358583197296,-101.60463132673885,-119.90499877929688,-95.86530936894678,-89.04358583197296,101.60463132673885,119.90499877929688,95.86530936894678,89.04358583197296,32.25543851642503
2025-09-24,Wednesday,24,9,0,1,0,0,0,1,0,8.0,0.9749279121818236,-0.2225209339563143,-1.0,-1.8369701987210294e-16,0,0,39,267,430.0,315.0,378.0,546.0,572.0,612.0,532.0,413.0,119.41105476462351,546.0,315.0,418.8571428571428,146.48143064501252,572.0,170.0,407.5,141.81610519369008,612.0,149.0,369.07142857142856,139.15749898517657,612.0,88.0,389.6092491703498,392.4652399041991,1.131827832464775,562.5943619043161,566.2953,564.5753605740805,556.9124370529303,-132.5943619043161,-136.2952880859375,-134.5753605740805,-126.91243705293027,132.5943619043161,136.2952880859375,134.5753605740805,126.91243705293027,30.83589811728281
2025-09-25,Thursday,25,9,0,1,0,0,0,1,0,7.0,0.4338837391175582,-0.900968867902419,-1.0,-1.8369701987210294e-16,0,0,39,268,328.0,430.0,315.0,378.0,411.0,375.0,265.0,374.3333333333333,57.58761440911815,430.0,315.0,398.57142857142856,130.72344490419118,546.0,170.0,394.5,129.42877459169486,572.0,149.0,368.3928571428572,138.79917261086325,612.0,88.0,399.7069368777624,397.4698745836392,1.0789906216764962,400.75494110482674,406.372,426.0174290092389,369.87538502789766,-72.75494110482674,-78.37200927734375,-98.01742900923892,-41.875385027897664,72.75494110482674,78.37200927734375,98.01742900923892,41.875385027897664,22.181384483178885
2025-09-26,Friday,26,9,0,1,0,0,0,1,0,6.0,-0.433883739117558,-0.9009688679024191,-1.0,-1.8369701987210294e-16,0,0,39,269,390.0,328.0,430.0,315.0,540.0,282.0,290.0,357.6666666666667,62.978832422753584,430.0,315.0,386.7142857142857,133.14993339053837,546.0,170.0,391.1428571428572,130.57792082352006,572.0,149.0,371.82142857142856,136.47141976508598,612.0,88.0,381.7802026583218,388.207224639154,1.0372641057572565,397.1972106082664,366.22775,422.283364765867,403.0805143733854,-7.197210608266403,23.772247314453125,-32.28336476586702,-13.080514373385427,7.197210608266403,23.772247314453125,32.28336476586702,13.080514373385427,1.845438617504206
2025-09-27,Saturday,27,9,0,1,1,0,0,1,0,5.0,-0.9749279121818236,-0.2225209339563146,-1.0,-1.8369701987210294e-16,1,0,39,270,115.0,390.0,328.0,430.0,170.0,149.0,116.0,382.6666666666667,51.39390365922079,430.0,328.0,365.2857142857143,115.23413019546238,546.0,170.0,398.8571428571428,126.7686306397832,572.0,149.0,376.1071428571428,135.03205086906092,612.0,88.0,383.83515199374136,388.4462613539335,0.9686523345013732,190.49526652090785,180.90361,194.70009353448316,195.8820957987482,-75.49526652090785,-65.90361022949219,-79.70009353448316,-80.8820957987482,75.49526652090785,65.90361022949219,79.70009353448316,80.8820957987482,65.6480578442677
2025-09-28,Sunday,28,9,0,1,1,0,0,1,0,4.0,-0.7818314824680299,0.6234898018587334,-1.0,-1.8369701987210294e-16,1,0,39,271,250.0,115.0,390.0,328.0,546.0,470.0,400.0,277.6666666666667,144.24400623018383,390.0,115.0,357.42857142857144,131.49633346327843,546.0,115.0,396.4285714285714,132.1355447932246,572.0,115.0,377.07142857142856,132.97923217734444,612.0,115.0,316.626363995306,351.9867598400757,0.9453995843566976,408.25882376557655,393.86288,405.1831938926102,425.7303928826351,-158.25882376557655,-143.86288452148438,-155.18319389261018,-175.7303928826351,158.25882376557655,143.86288452148438,155.18319389261018,175.7303928826351,63.30352950623062
2025-09-29,Monday,29,9,0,1,0,0,0,0,0,3.0,0.0,1.0,-1.0,-1.8369701987210294e-16,0,0,40,272,310.0,250.0,115.0,390.0,378.0,441.0,411.0,251.66666666666663,137.50757554888867,390.0,115.0,315.1428571428572,105.84017600676412,430.0,115.0,380.7142857142857,135.74547935321905,572.0,115.0,375.5357142857143,134.22851773578097,612.0,115.0,299.9697729964795,338.38852519473227,0.8369534288153277,389.1485704269874,396.0246,387.73756854904894,383.6835455639446,-79.14857042698742,-86.02459716796875,-77.73756854904894,-73.68354556394462,79.14857042698742,86.02459716796875,77.73756854904894,73.68354556394462,25.531796911931426
2025-09-30,Tuesday,30,9,0,1,0,0,0,0,0,2.0,0.7818314824680298,0.6234898018587336,-1.0,-1.8369701987210294e-16,0,0,40,273,260.0,310.0,250.0,115.0,315.0,444.0,418.0,225.0,99.87492177719088,310.0,115.0,305.42857142857144,102.16629767664249,430.0,115.0,371.3571428571428,135.78524171695508,572.0,115.0,371.4285714285714,134.41820549409914,612.0,115.0,302.4773297473596,334.60338850210127,0.8200997314921366,370.1567916708341,364.1634,386.90492337628996,359.4020605229311,-110.15679167083408,-104.16339111328125,-126.90492337628996,-99.4020605229311,110.15679167083408,104.16339111328125,126.90492337628996,99.4020605229311,42.36799679647465
2025-10-01,Wednesday,1,10,1,0,0,0,0,0,0,1.0,0.9749279121818236,-0.2225209339563143,-0.8660254037844386,0.5000000000000001,0,0,40,274,272.0,260.0,310.0,250.0,430.0,572.0,612.0,273.3333333333333,32.14550253664281,310.0,250.0,297.57142857142856,103.41479124196393,430.0,115.0,358.2142857142857,137.1115091232898,572.0,115.0,365.0,135.3185542012292,612.0,115.0,291.8579973105197,324.6562700351545,0.8130366900858703,463.6862804869738,487.3188,462.8687786571318,440.87127618269585,-191.68628048697383,-215.31878662109375,-190.86877865713183,-168.87127618269585,191.68628048697383,215.31878662109375,190.86877865713183,168.87127618269585,70.47289723785804
2025-10-02,Thursday,2,10,1,0,0,1,0,0,0,0.0,0.4338837391175582,-0.900968867902419,-0.8660254037844386,0.5000000000000001,0,0,40,275,196.0,272.0,260.0,310.0,328.0,411.0,375.0,280.6666666666667,26.102362600601992,310.0,260.0,275.0,85.36002186816283,390.0,115.0,336.7857142857143,123.9399225254092,546.0,115.0,355.7142857142857,132.32195784940768,612.0,115.0,286.89349798288976,317.6354340304672,0.7709251101321586,326.0835096712831,335.4804,325.07015950941707,317.6999617895884,-130.08350967128308,-139.48040771484375,-129.07015950941707,-121.69996178958837,130.08350967128308,139.48040771484375,129.07015950941707,121.69996178958837,66.36913758738933
2025-10-03,Friday,3,10,1,0,0,0,0,0,0,1.0,-0.433883739117558,-0.9009688679024191,-0.8660254037844386,0.5000000000000001,0,0,40,276,250.0,196.0,272.0,260.0,390.0,540.0,282.0,242.66666666666663,40.857475856118704,272.0,196.0,256.1428571428572,86.27558281736538,390.0,115.0,321.42857142857144,127.31107528455614,546.0,115.0,353.25,134.6951633765553,612.0,115.0,264.1701234871673,301.41737615973824,0.7230567597540075,317.15638357415537,304.94644,344.43301681642697,302.0896922556485,-67.15638357415537,-54.946441650390625,-94.43301681642697,-52.089692255648515,67.15638357415537,54.946441650390625,94.43301681642697,52.089692255648515,26.86255342966215
2025-10-04,Saturday,4,10,1,0,1,1,0,0,0,0.0,-0.9749279121818236,-0.2225209339563146,-0.8660254037844386,0.5000000000000001,0,1,40,277,102.0,250.0,196.0,272.0,115.0,170.0,149.0,239.33333333333331,39.10669166949979,272.0,196.0,236.14285714285717,63.22032524283135,310.0,115.0,300.7142857142857,111.6405141317632,546.0,115.0,351.82142857142856,135.59991630376177,612.0,115.0,260.6275926153755,294.56172600510644,0.6692985119951412,122.68186343899892,122.50671,120.74787500647084,124.79100907273295,-20.681863438998917,-20.50670623779297,-18.747875006470835,-22.791009072732948,20.681863438998917,20.50670623779297,18.747875006470835,22.791009072732948,20.2763367049009
2025-10-05,Sunday,5,10,1,0,1,1,0,0,0,0.0,-0.7818314824680299,0.6234898018587334,-0.8660254037844386,0.5000000000000001,0,1,40,278,352.0,102.0,250.0,196.0,250.0,546.0,470.0,182.66666666666663,74.8954827298239,250.0,102.0,234.28571428571428,67.42332505820679,310.0,102.0,295.85714285714283,119.00152367664316,546.0,102.0,351.32142857142856,136.52433064162136,612.0,102.0,220.9706944615316,268.8868292044256,0.664977192093259,284.8787395662011,256.75275,313.83246464368494,284.051007472887,67.12126043379891,95.24725341796875,38.16753535631506,67.94899252711298,67.12126043379891,95.24725341796875,38.16753535631506,67.94899252711298,19.0685398959656
2025-10-06,Monday,6,10,1,0,0,0,0,0,0,5.0,0.0,1.0,-0.8660254037844386,0.5000000000000001,0,0,41,279,421.0,352.0,102.0,250.0,310.0,378.0,441.0,234.66666666666663,125.70335450310516,352.0,102.0,248.8571428571429,81.03379659423629,352.0,102.0,282.0,96.87025422618736,430.0,102.0,349.60714285714283,136.19140650697864,612.0,102.0,253.7280208461487,279.9685853105022,0.7097891412855252,361.0643164529083,343.64606,376.16671462258546,363.38017760723335,59.935683547091685,77.35394287109375,44.83328537741454,57.61982239276665,59.935683547091685,77.35394287109375,44.83328537741454,57.61982239276665,14.236504405484961
2025-10-07,Tuesday,7,10,1,0,0,0,0,0,0,4.0,0.7818314824680298,0.6234898018587336,-0.8660254037844386,0.5000000000000001,0,0,41,280,382.0,421.0,352.0,102.0,260.0,315.0,444.0,291.6666666666667,167.84020177935113,421.0,102.0,264.7142857142857,102.90240406280437,421.0,102.0,285.07142857142856,100.75214392505264,430.0,102.0,349.9642857142857,136.371356323081,612.0,102.0,295.54601563461154,298.77277393576856,0.7542484990332756,334.14210836800265,320.62897,342.1909948074586,339.6063630113932,47.85789163199735,61.37103271484375,39.809005192541406,42.39363698860677,47.85789163199735,61.37103271484375,39.809005192541406,42.39363698860677,12.528243882721817
2025-10-08,Wednesday,8,10,0,0,0,0,0,0,0,3.0,0.9749279121818236,-0.2225209339563143,-0.8660254037844386,0.5000000000000001,0,0,41,281,524.0,382.0,421.0,352.0,272.0,430.0,572.0,385.0,34.5976877840114,421.0,352.0,282.1428571428572,111.90833834203823,421.0,102.0,289.85714285714283,103.82741385651424,430.0,102.0,348.67857142857144,135.87495710488324,612.0,102.0,317.1595117259586,309.86973741099945,0.8068634460218569,504.49569164097755,518.67206,481.55211201424976,513.262904803214,19.504308359022446,5.32794189453125,42.44788798575024,10.737095196785958,19.504308359022446,5.32794189453125,42.44788798575024,10.737095196785958,3.7221962517218405
2025-10-09,Thursday,9,10,0,0,0,0,0,0,0,2.0,0.4338837391175582,-0.900968867902419,-0.8660254037844386,0.5000000000000001,0,0,41,282,335.0,524.0,382.0,421.0,196.0,328.0,411.0,442.3333333333333,73.36438736426031,524.0,382.0,318.1428571428572,144.02595665530626,524.0,102.0,296.57142857142856,115.92219823638638,524.0,102.0,345.5357142857143,130.4688077218447,572.0,102.0,368.869633794469,338.42043908953286,0.9180665773472124,315.4437226616751,319.00632,323.2876733815029,304.03717746485063,19.55627733832489,15.993682861328125,11.712326618497116,30.96282253514937,19.55627733832489,15.993682861328125,11.712326618497116,30.96282253514937,5.837694727858176
2025-10-10,Friday,10,10,0,0,0,0,0,0,0,1.0,-0.433883739117558,-0.9009688679024191,-0.8660254037844386,0.5000000000000001,0,0,41,283,358.0,335.0,524.0,382.0,250.0,390.0,540.0,413.6666666666667,98.39884823174124,524.0,335.0,338.0,133.58268350850466,524.0,102.0,297.07142857142856,116.0831693132222,524.0,102.0,344.10714285714283,130.3531781668593,572.0,102.0,360.4022253458518,337.96438054426187,0.9794059815792198,392.82685366419355,387.59528,402.2894708023685,388.5958143113059,-34.82685366419355,-29.59527587890625,-44.2894708023685,-30.5958143113059,34.82685366419355,29.59527587890625,44.2894708023685,30.5958143113059,9.728171414579204
2025-10-11,Saturday,11,10,0,0,1,1,0,0,0,0.0,-0.9749279121818236,-0.2225209339563146,-0.8660254037844386,0.5000000000000001,0,0,41,284,110.0,358.0,335.0,524.0,102.0,115.0,170.0,405.6666666666667,103.1229040191036,524.0,335.0,353.42857142857144,127.83825345967092,524.0,102.0,294.7857142857143,114.41569188468236,524.0,102.0,346.82142857142856,129.80214389926869,572.0,102.0,359.80166900938883,340.63579647169365,1.0161207516172093,157.26609509216067,157.23996,154.60257238124947,159.95575317843569,-47.26609509216067,-47.239959716796875,-44.60257238124947,-49.955753178435685,47.26609509216067,47.239959716796875,44.60257238124947,49.955753178435685,42.9691773565097
2025-10-12,Sunday,12,10,0,0,1,1,0,0,0,0.0,-0.7818314824680299,0.6234898018587334,-0.8660254037844386,0.5000000000000001,0,0,41,285,410.0,110.0,358.0,335.0,352.0,250.0,546.0,267.6666666666667,137.0267613765038,358.0,110.0,354.57142857142856,125.224940464293,524.0,110.0,294.42857142857144,115.02622730070296,524.0,102.0,345.42857142857144,132.19077924122396,572.0,102.0,297.3512517570416,309.8843569421345,1.0235051546391751,328.8440095765232,316.38144,320.46326318460075,349.6873263359846,81.1559904234768,93.61856079101562,89.53673681539925,60.31267366401539,81.1559904234768,93.61856079101562,89.53673681539925,60.31267366401539,19.794144005726046
2025-10-13,Monday,13,10,0,0,0,0,0,0,0,5.0,0.0,1.0,-0.8660254037844386,0.5000000000000001,0,0,42,286,360.0,410.0,110.0,358.0,421.0,310.0,378.0,292.6666666666667,160.3163539172885,410.0,110.0,362.8571428571428,126.93361594606404,524.0,110.0,305.85714285714283,118.1777391134982,524.0,102.0,343.2857142857143,130.5730552270362,572.0,102.0,325.5134388177812,323.23310934984994,1.053941908713693,375.6247711693274,381.1564,345.05549971857516,400.6624112015163,-15.624771169327403,-21.156402587890625,14.944500281424837,-40.662411201516306,15.624771169327403,21.156402587890625,14.944500281424837,40.662411201516306,4.3402142137020565
2025-10-14,Tuesday,14,10,0,0,0,0,0,0,0,4.0,0.7818314824680298,0.6234898018587336,-0.8660254037844386,0.5000000000000001,0,0,42,287,341.0,360.0,410.0,110.0,382.0,260.0,315.0,293.3333333333333,160.72751268321582,410.0,110.0,354.1428571428572,124.34418438542356,524.0,110.0,309.42857142857144,119.06476213564451,524.0,102.0,340.3928571428572,129.21825902560505,572.0,102.0,334.1350791133359,328.13536143653664,1.0373470028245633,327.97203363872217,332.13483,322.8607377717797,328.92053648423047,13.027966361277834,8.86517333984375,18.139262228220275,12.079463515769532,13.027966361277834,8.86517333984375,18.139262228220275,12.079463515769532,3.8205179945096286
2025-10-15,Wednesday,15,10,0,0,0,0,0,0,0,3.0,0.9749279121818236,-0.2225209339563143,-0.8660254037844386,0.5000000000000001,0,0,42,288,486.0,341.0,360.0,410.0,524.0,272.0,430.0,370.3333333333333,35.64173583501886,410.0,341.0,348.2857142857143,123.77764241536018,524.0,110.0,315.2142857142857,118.44452032746987,524.0,102.0,336.7142857142857,127.61570121175174,572.0,102.0,335.851309335002,329.85064657833175,1.0313028764805414,524.4253421103658,535.1795,530.2887528325865,507.8077691039799,-38.42534211036582,-49.17950439453125,-44.28875283258651,-21.807769103979922,38.42534211036582,49.17950439453125,44.28875283258651,21.807769103979922,7.906448993902432
2025-10-16,Thursday,16,10,0,0,0,0,0,0,0,2.0,0.4338837391175582,-0.900968867902419,-0.8660254037844386,0.5000000000000001,0,0,42,289,242.0,486.0,341.0,360.0,335.0,196.0,328.0,395.6666666666667,78.80566815485582,486.0,341.0,342.85714285714283,115.3320258665224,486.0,110.0,330.5,126.0059522403606,524.0,102.0,333.6428571428572,122.68273272980517,546.0,102.0,373.3884820012514,350.6705603678876,1.0245464247598717,309.7091544045602,305.7087,311.304206536146,312.11454696073764,-67.7091544045602,-63.708709716796875,-69.30420653614601,-70.11454696073764,67.7091544045602,63.708709716796875,69.30420653614601,70.11454696073764,27.97898942337198
2025-10-17,Friday,17,10,0,0,0,0,0,0,0,1.0,-0.433883739117558,-0.9009688679024191,-0.8660254037844386,0.5000000000000001,0,0,42,290,132.0,242.0,486.0,341.0,358.0,250.0,390.0,356.3333333333333,122.72054975974184,486.0,242.0,329.57142857142856,121.57556928766172,486.0,110.0,333.7857142857143,122.78760810153744,524.0,102.0,327.60714285714283,122.8930095609254,546.0,102.0,340.5413615009386,336.18115231883587,1.002934463645256,302.445253773516,292.6583,298.7564725687704,315.9209940740433,-170.44525377351601,-160.65829467773438,-166.7564725687704,-183.92099407404328,170.44525377351601,160.65829467773438,166.7564725687704,183.92099407404328,129.12519225266365
2025-10-18,Saturday,18,10,0,0,1,1,0,0,0,0.0,-0.9749279121818236,-0.2225209339563146,-0.8660254037844386,0.5000000000000001,0,0,42,291,35.0,132.0,242.0,486.0,110.0,102.0,115.0,286.6666666666667,181.17762922980668,486.0,132.0,297.2857142857143,141.19338309060865,486.0,110.0,325.35714285714283,132.6363490861428,524.0,102.0,313.0357142857143,120.94978515524711,546.0,102.0,288.40602112570394,308.9569986763245,0.9466621175935404,85.76545905075731,73.82626,75.85538503098522,107.61472869355237,-50.765459050757315,-38.826263427734375,-40.85538503098522,-72.61472869355237,50.765459050757315,38.826263427734375,40.85538503098522,72.61472869355237,145.0441687164495
2025-10-19,Sunday,19,10,0,0,1,1,0,0,0,0.0,-0.7818314824680299,0.6234898018587334,-0.8660254037844386,0.5000000000000001,0,0,42,292,70.0,35.0,132.0,242.0,410.0,352.0,250.0,136.33333333333334,103.56801307997252,242.0,35.0,286.57142857142856,159.44053974534094,486.0,35.0,320.57142857142856,142.1806620442481,524.0,35.0,308.2142857142857,129.26755404625106,546.0,35.0,225.05451584427797,272.4293988528146,0.9267729267729268,224.61345668243862,229.05763,218.8433329121651,225.93940468886177,-154.61345668243862,-159.05763244628906,-148.8433329121651,-155.93940468886177,154.61345668243862,159.05763244628906,148.8433329121651,155.93940468886177,220.87636668919805
2025-10-20,Monday,20,10,0,0,0,0,0,0,0,11.0,0.0,1.0,-0.8660254037844386,0.5000000000000001,0,0,43,293,46.0,70.0,35.0,132.0,360.0,421.0,310.0,79.0,49.12229636326104,132.0,35.0,238.0,167.17356250316573,486.0,35.0,300.42857142857144,156.6272961207909,524.0,35.0,291.2142857142857,128.1325578490974,524.0,35.0,186.2908868832085,245.438812339106,0.8144707895380102,104.24362205996552,106.01312,100.05715939950443,106.66058422179839,-58.24362205996552,-60.01312255859375,-54.05715939950443,-60.66058422179839,58.24362205996552,60.01312255859375,54.05715939950443,60.66058422179839,126.61656969557721
2025-10-21,Tuesday,21,10,0,0,0,0,0,0,0,10.0,0.7818314824680298,0.6234898018587336,-0.8660254037844386,0.5000000000000001,0,0,43,294,46.0,46.0,70.0,35.0,341.0,382.0,260.0,50.333333333333336,17.897858344880085,70.0,35.0,193.14285714285717,171.0637586510051,486.0,35.0,273.6428571428572,166.19479170903287,524.0,35.0,279.35714285714283,134.982362163499,524.0,35.0,151.21816516240634,218.84697069389185,0.6889171974522293,93.53719782921148,88.90078,90.83473615974493,100.87607760376844,-47.53719782921148,-42.900779724121094,-44.834736159744935,-54.87607760376844,47.53719782921148,42.900779724121094,44.834736159744935,54.87607760376844,103.34173441132931
2025-10-22,Wednesday,22,10,0,0,0,0,0,0,0,9.0,0.9749279121818236,-0.2225209339563143,-0.8660254037844386,0.5000000000000001,0,0,43,295,74.0,46.0,46.0,70.0,486.0,524.0,272.0,54.0,13.856406460553147,70.0,46.0,151.0,164.78976505434554,486.0,35.0,249.64285714285717,173.4458936440354,524.0,35.0,269.75,141.75451524587322,524.0,35.0,124.91362387180476,195.80070793470625,0.5577100646352724,131.27127633015598,126.625404,150.56642822838484,116.62199640417302,-57.271276330155985,-52.625404357910156,-76.56642822838484,-42.62199640417302,57.271276330155985,52.625404357910156,76.56642822838484,42.62199640417302,77.39361666237296
2025-10-23,Thursday,23,10,0,0,0,0,0,0,0,8.0,0.4338837391175582,-0.900968867902419,-0.8660254037844386,0.5000000000000001,0,0,43,296,53.0,74.0,46.0,46.0,242.0,335.0,196.0,55.333333333333336,16.165807537311334,74.0,46.0,92.14285714285714,73.4720549402459,242.0,35.0,217.5,159.85558386339747,486.0,35.0,257.0357142857143,142.81028133515588,524.0,35.0,112.18521790385356,179.5606135434121,0.3570934256055363,91.41627098081199,102.459435,85.49982739005547,86.2895510431031,-38.41627098081199,-49.459434509277344,-32.49982739005547,-33.2895510431031,38.41627098081199,49.459434509277344,32.49982739005547,33.2895510431031,72.48353015247545
2025-10-24,Friday,24,10,0,1,0,0,0,0,0,7.0,-0.433883739117558,-0.9009688679024191,-0.8660254037844386,0.5000000000000001,0,0,43,297,94.0,53.0,74.0,46.0,132.0,358.0,250.0,57.66666666666666,14.571661996264908,74.0,46.0,65.14285714285714,32.55983502941124,132.0,35.0,197.3571428571429,161.66756353363257,486.0,35.0,247.2142857142857,147.13973130701456,524.0,35.0,97.38891342789016,162.68586507095716,0.2624460431654676,85.2656758700832,83.45027,77.29649777812617,95.0502582256781,8.7343241299168,10.549728393554688,16.703502221873833,-1.0502582256781068,8.7343241299168,10.549728393554688,16.703502221873833,1.0502582256781068,9.291834180762553
2025-10-25,Saturday,25,10,0,1,1,0,0,0,0,6.0,-0.9749279121818236,-0.2225209339563146,-0.8660254037844386,0.5000000000000001,1,0,43,298,64.0,94.0,53.0,74.0,35.0,110.0,102.0,73.66666666666667,20.50203241957696,94.0,53.0,59.71428571428572,20.4834427909724,94.0,35.0,178.5,156.8123572446234,486.0,35.0,236.64285714285717,147.13440927102778,524.0,35.0,96.54168507091762,153.5277497281629,0.2512774271115119,81.3676760400535,91.23943,59.98714712456113,92.87644770702511,-17.367676040053496,-27.23943328857422,4.012852875438867,-28.876447707025108,17.367676040053496,27.23943328857422,4.012852875438867,28.876447707025108,27.136993812583587
2025-10-26,Sunday,26,10,0,1,1,0,0,0,0,5.0,-0.7818314824680299,0.6234898018587334,-0.8660254037844386,0.5000000000000001,1,0,43,299,193.0,64.0,94.0,53.0,70.0,410.0,352.0,70.33333333333333,21.221058723197245,94.0,53.0,63.85714285714285,17.34386127161827,94.0,46.0,175.21428571428572,158.8270363399364,486.0,35.0,234.82142857142856,148.9998890308877,524.0,35.0,88.40626380318821,141.5907164310745,0.270786006360745,164.95206473867188,159.90996,167.07081294360208,167.87542338667137,28.04793526132812,33.09004211425781,25.92918705639792,25.124576613328628,28.04793526132812,33.09004211425781,25.92918705639792,25.124576613328628,14.532608943693328
2025-10-27,Monday,27,10,0,1,0,0,0,0,0,4.0,0.0,1.0,-0.8660254037844386,0.5000000000000001,0,0,44,300,239.0,193.0,64.0,94.0,46.0,360.0,421.0,117.0,67.50555532695094,193.0,64.0,81.42857142857143,52.0956080773804,193.0,46.0,159.71428571428572,144.053103761414,486.0,35.0,232.78571428571428,149.1741108366839,524.0,35.0,114.55469785239116,148.4452875735979,0.3483043079743355,295.41284066704156,307.05423,327.1807806556529,252.0035116091437,-56.412840667041564,-68.05422973632812,-88.18078065565288,-13.003511609143686,56.412840667041564,68.05422973632812,88.18078065565288,13.003511609143686,23.603699023866763
2025-10-28,Tuesday,28,10,0,1,0,0,0,0,0,3.0,0.7818314824680298,0.6234898018587336,-0.8660254037844386,0.5000000000000001,0,0,44,301,280.0,239.0,193.0,64.0,46.0,341.0,382.0,165.33333333333334,90.7211845895618,239.0,64.0,109.0,75.8683069535605,239.0,46.0,151.07142857142858,134.41981555256956,486.0,35.0,230.25,148.4144909067542,524.0,35.0,145.66602338929337,160.51924923045152,0.4713513513513513,334.2339244083928,331.69653,374.27719156961945,296.72804845243394,-54.233924408392795,-51.696533203125,-94.27719156961945,-16.72804845243394,54.233924408392795,51.696533203125,94.27719156961945,16.72804845243394,19.36925871728314
2025-10-29,Wednesday,29,10,0,1,0,0,0,0,0,2.0,0.9749279121818236,-0.2225209339563143,-0.8660254037844386,0.5000000000000001,0,0,44,302,456.0,280.0,239.0,193.0,74.0,486.0,524.0,237.33333333333331,43.52393977265054,280.0,193.0,142.42857142857142,93.08214498111566,280.0,53.0,146.71428571428572,128.65483253288986,486.0,35.0,230.9642857142857,148.61097166585924,524.0,35.0,179.24951754197002,176.45001599972466,0.6140107775211701,395.8043727322459,370.99173,410.70635900497183,405.71502945543784,60.195627267754105,85.00827026367188,45.29364099502817,50.28497054456216,60.195627267754105,85.00827026367188,45.29364099502817,50.28497054456216,13.200795453454848
2025-10-30,Thursday,30,10,0,1,0,0,0,0,0,1.0,0.4338837391175582,-0.900968867902419,-0.8660254037844386,0.5000000000000001,0,0,44,303,237.0,456.0,280.0,239.0,53.0,242.0,335.0,325.0,115.28659939472556,456.0,239.0,197.0,144.21280571895522,456.0,53.0,144.57142857142858,122.68014339092365,456.0,35.0,237.53571428571428,154.4463186479861,524.0,35.0,248.43713815647752,213.72334719976132,0.8258721365473873,275.5272312677486,282.49835,290.5433454601747,253.5399962922899,-38.52723126774862,-45.49835205078125,-53.54334546017469,-16.539996292289914,38.52723126774862,45.49835205078125,53.54334546017469,16.539996292289914,16.256215724788447
2025-10-31,Friday,31,10,0,1,0,1,0,0,0,0.0,-0.433883739117558,-0.9009688679024191,-0.8660254037844386,0.5000000000000001,0,0,44,304,275.0,237.0,456.0,280.0,94.0,132.0,358.0,324.3333333333333,116.03591398068647,456.0,237.0,223.28571428571428,129.62216153846762,456.0,64.0,144.21428571428572,122.38160908305726,456.0,35.0,239.0,154.23214825565867,524.0,35.0,245.57785361735813,216.82690090645983,0.9303571428571428,275.81244252030723,288.2914,285.1809188671062,253.96499634029982,-0.8124425203072292,-13.291412353515625,-10.180918867106186,21.03500365970018,0.8124425203072292,13.291412353515625,10.180918867106186,21.03500365970018,0.29543364374808334
2025-11-01,Saturday,1,11,1,0,1,1,0,0,0,0.0,-0.9749279121818236,-0.2225209339563146,-0.5000000000000004,0.8660254037844384,0,1,44,305,76.0,275.0,237.0,456.0,64.0,35.0,110.0,322.6666666666667,117.0227898032399,456.0,237.0,249.14285714285717,116.96926743298594,456.0,64.0,154.42857142857142,127.1581173704094,456.0,35.0,239.89285714285717,154.37048731702984,524.0,35.0,252.93339021301855,224.58331411893184,1.034247590808006,133.00374929690176,131.44086,124.47009579749303,143.10029515961853,-57.00374929690176,-55.44085693359375,-48.47009579749303,-67.10029515961853,57.00374929690176,55.44085693359375,48.47009579749303,67.10029515961853,75.00493328539706
2025-11-02,Sunday,2,11,1,0,1,1,0,0,0,0.0,-0.7818314824680299,0.6234898018587334,-0.5000000000000004,0.8660254037844384,0,1,44,306,336.0,76.0,275.0,237.0,193.0,70.0,410.0,196.0,105.64563407921784,275.0,76.0,250.8571428571429,113.84994301188468,456.0,76.0,157.35714285714286,124.64324915710262,456.0,46.0,238.9642857142857,155.30602576916183,524.0,35.0,208.70004265976397,204.7722055697409,1.0453936597707991,273.15777305898655,279.2711,273.5569713255861,266.6452602048891,62.84222694101345,56.728912353515625,62.44302867441388,69.3547397951109,62.84222694101345,56.728912353515625,62.44302867441388,69.3547397951109,18.703043732444478
2025-11-03,Monday,3,11,1,0,0,0,0,0,0,2.0,0.0,1.0,-0.5000000000000004,0.8660254037844384,0,0,45,307,305.0,336.0,76.0,275.0,239.0,46.0,360.0,229.0,135.96690773861107,336.0,76.0,271.2857142857143,114.5654315019936,456.0,76.0,176.35714285714286,130.44162097856838,456.0,46.0,238.39285714285717,154.90363534593422,524.0,35.0,240.5250319948229,222.2692448271088,1.1332239295837685,337.33781407818384,330.33932,345.6203041151593,336.05381316822024,-32.33781407818384,-25.339324951171875,-40.620304115159286,-31.053813168220245,32.33781407818384,25.339324951171875,40.620304115159286,31.053813168220245,10.60256199284716
2025-11-04,Tuesday,4,11,1,0,0,0,0,0,0,1.0,0.7818314824680298,0.6234898018587336,-0.5000000000000004,0.8660254037844384,0,0,45,308,268.0,305.0,336.0,76.0,280.0,46.0,341.0,239.0,142.01056298740588,336.0,76.0,280.7142857142857,114.18072558552952,456.0,76.0,194.8571428571429,128.88865626689463,456.0,46.0,234.25,151.3493934209477,524.0,35.0,256.6437739961172,233.30001218349432,1.1932594504326703,316.94540769710324,310.50546,323.7980689501343,316.5326914946911,-48.945407697103235,-42.505462646484375,-55.79806895013428,-48.53269149469111,48.945407697103235,42.505462646484375,55.79806895013428,48.53269149469111,18.263211827277328
2025-11-05,Wednesday,5,11,1,0,0,1,0,0,0,0.0,0.9749279121818236,-0.2225209339563143,-0.5000000000000004,0.8660254037844384,0,0,45,309,395.0,268.0,305.0,336.0,456.0,74.0,486.0,303.0,34.04408906109762,336.0,268.0,279.0,114.28327378346566,456.0,76.0,210.7142857142857,122.67243974311212,456.0,53.0,230.17857142857144,148.7384115800791,524.0,35.0,259.4828304970879,237.92667722569507,1.2068592615479683,418.0418777386576,435.87094,420.23315718044694,398.02153487341656,-23.041877738657604,-40.870941162109375,-25.233157180446938,-3.021534873416556,23.041877738657604,40.870941162109375,25.233157180446938,3.021534873416556,5.8333867692804064
2025-11-06,Thursday,6,11,1,0,0,0,0,0,0,2.0,0.4338837391175582,-0.900968867902419,-0.5000000000000004,0.8660254037844384,0,0,45,310,83.0,395.0,268.0,305.0,237.0,53.0,242.0,322.6666666666667,65.31717487256527,395.0,268.0,270.2857142857143,99.96618475883724,395.0,76.0,233.64285714285717,125.12800039765877,456.0,53.0,225.57142857142856,141.10212444825007,486.0,35.0,293.3621228728159,258.8697869289357,1.1929382093316518,287.0179220722461,284.04907,299.5137368109469,277.4909571401664,-204.0179220722461,-201.049072265625,-216.5137368109469,-194.49095714016642,204.0179220722461,201.049072265625,216.5137368109469,194.49095714016642,245.80472538824833
2025-11-07,Friday,7,11,1,0,0,0,0,0,0,1.0,-0.433883739117558,-0.9009688679024191,-0.5000000000000004,0.8660254037844384,0,0,45,311,305.0,83.0,395.0,268.0,275.0,94.0,132.0,248.66666666666663,156.8959315384988,395.0,83.0,248.28571428571428,122.8409734653085,395.0,76.0,235.78571428571428,122.0146136086409,456.0,64.0,216.57142857142856,141.89835396206252,486.0,35.0,240.77159215461197,235.42048200507764,1.1411687458962574,248.10520436670336,260.15784,258.20495464883015,225.9528215372174,56.89479563329664,44.8421630859375,46.79504535116985,79.0471784627826,56.89479563329664,44.8421630859375,46.79504535116985,79.0471784627826,18.654031355179225
2025-11-08,Saturday,8,11,0,0,1,1,0,0,0,0.0,-0.9749279121818236,-0.2225209339563146,-0.5000000000000004,0.8660254037844384,0,0,45,312,84.0,305.0,83.0,395.0,76.0,64.0,35.0,261.0,160.5864253291665,395.0,83.0,252.57142857142856,124.4412272826772,395.0,76.0,250.8571428571429,116.03902337168712,456.0,64.0,214.67857142857144,140.2862295112251,486.0,35.0,256.82869411595897,244.6977510710673,1.1710548103990728,114.54019561511306,115.18462,104.29947577562186,124.13648735145557,-30.540195615113063,-31.18462371826172,-20.299475775621858,-40.13648735145557,30.540195615113063,31.18462371826172,20.299475775621858,40.13648735145557,36.357375732277454
2025-11-09,Sunday,9,11,0,0,1,1,0,0,0,0.0,-0.7818314824680299,0.6234898018587334,-0.5000000000000004,0.8660254037844384,0,0,45,313,346.0,84.0,305.0,83.0,336.0,193.0,70.0,157.33333333333334,127.88406207707564,305.0,83.0,253.7142857142857,122.5720390705182,395.0,83.0,252.28571428571428,113.66037708313888,456.0,76.0,213.75,141.0885261891347,486.0,35.0,213.6215205869692,223.2713842615917,1.1814402128721104,242.6364788966432,249.7954,236.8425872231786,241.27145456929009,103.36352110335679,96.20460510253906,109.15741277682139,104.72854543070991,103.36352110335679,96.20460510253906,109.15741277682139,104.72854543070991,29.873850029871907
2025-11-10,Monday,10,11,0,0,0,0,0,0,0,5.0,0.0,1.0,-0.5000000000000004,0.8660254037844384,0,0,46,314,367.0,346.0,84.0,305.0,305.0,239.0,46.0,245.0,140.9290601685826,346.0,84.0,255.14285714285717,123.74359050260368,395.0,83.0,263.2142857142857,114.87061522320776,456.0,76.0,211.4642857142857,138.28191337314323,486.0,35.0,246.71614044022687,239.63519969337943,1.2008740964868043,321.55124686904145,312.33926,328.44127722112324,323.8731994699853,45.44875313095855,54.660736083984375,38.558722778876756,43.12680053001469,45.44875313095855,54.660736083984375,38.558722778876756,43.12680053001469,12.383856438953282
2025-11-11,Tuesday,11,11,0,0,0,0,0,0,0,4.0,0.7818314824680298,0.6234898018587336,-0.5000000000000004,0.8660254037844384,0,0,46,315,339.0,367.0,346.0,84.0,268.0,280.0,46.0,265.6666666666667,157.6779418096688,367.0,84.0,264.0,129.96922712703915,395.0,83.0,272.35714285714283,117.8503661055357,456.0,76.0,211.7142857142857,138.56643202686578,486.0,35.0,276.7871053301702,256.6171730675955,1.2411014103425118,340.4454345353515,324.84293,356.1042992782486,340.3890783024154,-1.4454345353515237,14.157073974609375,-17.104299278248618,-1.3890783024153848,1.4454345353515237,14.157073974609375,17.104299278248618,1.3890783024153848,0.4263818688352577
2025-11-12,Wednesday,12,11,0,0,0,0,0,0,0,3.0,0.9749279121818236,-0.2225209339563143,-0.5000000000000004,0.8660254037844384,0,0,46,316,525.0,339.0,367.0,346.0,395.0,456.0,74.0,350.6666666666667,14.571661996260518,367.0,339.0,274.1428571428572,133.06693625318582,395.0,83.0,276.57142857142856,119.19196816365304,456.0,76.0,211.64285714285717,138.4978176818878,486.0,35.0,292.3403289976277,267.6015499919161,1.2892173328854553,509.8509578127582,520.3855,528.4123362910249,480.7550391003747,15.149042187241776,4.614501953125,-3.4123362910248716,44.24496089962531,15.149042187241776,4.614501953125,3.4123362910248716,44.24496089962531,2.88553184518891
2025-11-13,Thursday,13,11,0,0,0,0,0,0,0,2.0,0.4338837391175582,-0.900968867902419,-0.5000000000000004,0.8660254037844384,0,0,46,317,455.0,525.0,339.0,367.0,83.0,237.0,53.0,410.3333333333333,100.2862569514549,525.0,339.0,292.7142857142857,159.24270185863466,525.0,83.0,281.5,128.26340085932546,525.0,76.0,213.03571428571428,141.5222746877825,525.0,35.0,350.5052467482208,301.9213433263273,1.3675955281161356,294.18165236933334,290.43314,295.8937349877491,296.2180861339227,160.81834763066666,164.56686401367188,159.1062650122509,158.78191386607728,160.81834763066666,164.56686401367188,159.1062650122509,158.78191386607728,35.34469178695971
2025-11-14,Friday,14,11,0,0,0,0,0,0,0,1.0,-0.433883739117558,-0.9009688679024191,-0.5000000000000004,0.8660254037844384,0,0,46,318,355.0,455.0,525.0,339.0,305.0,275.0,94.0,439.6666666666667,93.94324527784434,525.0,339.0,345.85714285714283,138.28524694922987,525.0,84.0,297.07142857142856,135.47549553373076,525.0,76.0,220.64285714285717,148.68042145779535,525.0,35.0,376.6289350611656,322.33183088281703,1.560425394779246,331.59519439586376,331.97354,332.5706876688304,330.2413542589952,23.404805604136243,23.026458740234375,22.429312331169626,24.758645741004784,23.404805604136243,23.026458740234375,22.429312331169626,24.758645741004784,6.592902987080633
2025-11-15,Saturday,15,11,0,0,1,1,0,0,0,0.0,-0.9749279121818236,-0.2225209339563146,-0.5000000000000004,0.8660254037844384,0,0,46,319,116.0,355.0,455.0,525.0,84.0,76.0,64.0,445.0,85.44003745317467,525.0,355.0,353.0,137.1094453347397,525.0,84.0,302.7857142857143,136.15837982145794,525.0,76.0,228.6071428571429,149.72526427395175,525.0,35.0,371.2217012958742,326.6875867651081,1.5374086172032977,154.92404245949305,155.11923,149.16782656607555,160.48506863466926,-38.92404245949305,-39.119232177734375,-33.16782656607555,-44.48506863466926,38.92404245949305,39.119232177734375,33.16782656607555,44.48506863466926,33.555209016804355
2025-11-16,Sunday,16,11,0,0,1,1,0,0,0,0.0,-0.7818314824680299,0.6234898018587334,-0.5000000000000004,0.8660254037844384,0,0,46,320,355.0,116.0,355.0,455.0,346.0,336.0,193.0,308.6666666666667,174.18476779940687,455.0,116.0,357.57142857142856,126.7909790992733,525.0,116.0,305.6428571428572,131.36889172968512,525.0,83.0,231.5,146.59581622042717,525.0,46.0,307.41627597190563,298.5959085297603,1.5379416282642089,346.23599039811364,347.84268,354.1015036508729,336.7637856587023,8.764009601886357,7.157318115234375,0.8984963491270719,18.236214341297682,8.764009601886357,7.157318115234375,0.8984963491270719,18.236214341297682,2.4687350991229176
2025-11-17,Monday,17,11,0,0,0,1,0,0,0,0.0,0.0,1.0,-0.5000000000000004,0.8660254037844384,0,0,47,321,320.0,355.0,116.0,355.0,367.0,305.0,239.0,275.3333333333333,137.98671433632043,355.0,116.0,358.85714285714283,126.69968241400412,525.0,116.0,307.0,131.8040503638174,525.0,83.0,241.67857142857144,144.8508948748045,525.0,46.0,319.3122069789292,306.1164540591256,1.4787343635025754,317.28726239075155,326.73993,308.10020097215767,317.02165700087835,2.7127376092484496,-6.73992919921875,11.899799027842334,2.978342999121651,2.7127376092484496,6.73992919921875,11.899799027842334,2.978342999121651,0.8477305028901405
2025-11-18,Tuesday,18,11,0,0,0,0,0,0,0,4.0,0.7818314824680298,0.6234898018587336,-0.5000000000000004,0.8660254037844384,0,0,47,322,266.0,320.0,355.0,116.0,339.0,268.0,280.0,263.6666666666667,129.07491364836665,355.0,116.0,352.1428571428572,127.43943472806798,525.0,116.0,308.07142857142856,131.84750182033696,525.0,83.0,251.4642857142857,140.32646648357934,525.0,46.0,319.4841552341969,307.9675935179089,1.394822464280662,338.63020985124245,347.63547,327.8803029306999,340.3748590937306,-72.63020985124245,-81.63546752929688,-61.880302930699884,-74.3748590937306,72.63020985124245,81.63546752929688,61.880302930699884,74.3748590937306,27.30459016964002
2025-11-19,Wednesday,19,11,0,0,0,0,0,0,0,3.0,0.9749279121818236,-0.2225209339563143,-0.5000000000000004,0.8660254037844384,0,0,47,323,460.0,266.0,320.0,355.0,525.0,395.0,456.0,313.6666666666667,44.836740886613086,355.0,266.0,341.7142857142857,131.61270744842508,525.0,116.0,307.92857142857144,131.89533396174082,525.0,83.0,259.32142857142856,134.43132724938656,525.0,53.0,306.1131164256477,302.3719143821877,1.3126629167238306,520.2667875080723,529.8216,518.5855398029778,512.3932284829579,-60.2667875080723,-69.82159423828125,-58.58553980297779,-52.39322848295785,60.2667875080723,69.82159423828125,58.58553980297779,52.39322848295785,13.101475545233109
2025-11-20,Thursday,20,11,0,0,0,0,0,0,0,2.0,0.4338837391175582,-0.900968867902419,-0.5000000000000004,0.8660254037844384,0,0,47,324,261.0,460.0,266.0,320.0,455.0,83.0,237.0,348.6666666666667,100.12658654589832,460.0,266.0,332.42857142857144,118.12825959221472,460.0,116.0,312.57142857142856,136.26767452656972,525.0,83.0,273.10714285714283,134.5148592330872,525.0,53.0,344.5848373192358,323.38899246456265,1.212768729641694,292.92369034417965,277.36215,293.676879867566,307.73203906536367,-31.923690344179647,-16.362152099609375,-32.676879867566015,-46.732039065363665,31.923690344179647,16.362152099609375,32.676879867566015,46.732039065363665,12.23129898244431
2025-11-21,Friday,21,11,0,0,0,0,0,0,0,1.0,-0.433883739117558,-0.9009688679024191,-0.5000000000000004,0.8660254037844384,0,0,47,325,283.0,261.0,460.0,266.0,355.0,305.0,275.0,329.0,113.4768698898588,460.0,261.0,304.7142857142857,106.7921880503034,460.0,116.0,325.2857142857143,120.60388345031318,525.0,84.0,280.5357142857143,127.46807360417628,525.0,64.0,323.6886279894269,315.0704601359543,1.0823290625396422,298.2727189749567,298.9217,295.8960326355403,300.0004323947986,-15.272718974956717,-15.92169189453125,-12.89603263554028,-17.000432394798622,15.272718974956717,15.92169189453125,12.89603263554028,17.000432394798622,5.39672048585043
2025-11-22,Saturday,22,11,0,0,1,1,0,0,0,0.0,-0.9749279121818236,-0.2225209339563146,-0.5000000000000004,0.8660254037844384,0,0,47,326,100.0,283.0,261.0,460.0,116.0,84.0,76.0,334.6666666666667,109.09781543795124,460.0,261.0,294.42857142857144,104.58625968207126,460.0,116.0,323.7142857142857,121.03110126131834,525.0,84.0,287.2857142857143,122.1161733283503,525.0,64.0,313.51647099207014,310.7943987844937,1.021308225966303,103.05431362182931,100.313705,102.02586050916439,106.82337491198766,-3.0543136218293085,-0.3137054443359375,-2.0258605091643886,-6.823374911987656,3.0543136218293085,0.3137054443359375,2.0258605091643886,6.823374911987656,3.0543136218293085
2025-11-23,Sunday,23,11,0,0,1,1,0,0,0,0.0,-0.7818314824680299,0.6234898018587334,-0.5000000000000004,0.8660254037844384,0,0,47,327,327.0,100.0,283.0,261.0,355.0,346.0,336.0,214.66666666666663,99.91162761827738,283.0,100.0,292.1428571428572,109.20840714192344,460.0,100.0,324.85714285714283,118.64546874089744,525.0,100.0,288.57142857142856,119.84663921536072,525.0,76.0,260.13735324405263,282.68847894656125,1.0088801184015788,315.63419428438345,312.6175,322.7825094421155,311.5025807352535,11.365805715616546,14.38250732421875,4.217490557884503,15.497419264746497,11.365805715616546,14.38250732421875,4.217490557884503,15.497419264746497,3.4757815644087295
2025-11-24,Monday,24,11,0,1,0,0,0,0,0,5.0,0.0,1.0,-0.5000000000000004,0.8660254037844384,0,0,48,328,276.0,327.0,100.0,283.0,320.0,367.0,305.0,236.66666666666663,120.38410747824364,327.0,100.0,288.1428571428572,107.01312781060764,460.0,100.0,323.5,118.49358957019906,525.0,100.0,293.35714285714283,118.55744483105067,525.0,76.0,276.8530149330395,288.5966817536864,0.9788886192671684,349.27914231490286,353.15732,356.27103740379727,338.4090714256769,-73.27914231490286,-77.15731811523438,-80.27103740379727,-62.40907142567693,73.27914231490286,77.15731811523438,80.27103740379727,62.40907142567693,26.55041388221118
2025-11-25,Tuesday,25,11,0,1,0,0,0,0,0,4.0,0.7818314824680298,0.6234898018587336,-0.5000000000000004,0.8660254037844384,0,0,48,329,246.0,276.0,327.0,100.0,266.0,339.0,268.0,234.33333333333331,119.0979988636808,327.0,100.0,281.85714285714283,106.1185321098194,460.0,100.0,317.0,118.41972288952032,525.0,100.0,294.67857142857144,118.13459165727728,525.0,76.0,276.6397611997796,286.91712418652827,0.9532552240608768,323.24766210302204,322.11255,332.59664475421823,315.0337927267228,-77.24766210302204,-76.112548828125,-86.59664475421823,-69.03379272672282,77.24766210302204,76.112548828125,86.59664475421823,69.03379272672282,31.401488659765057
2025-11-26,Wednesday,26,11,0,1,0,0,0,0,0,3.0,0.9749279121818236,-0.2225209339563143,-0.5000000000000004,0.8660254037844384,0,0,48,330,465.0,246.0,276.0,327.0,460.0,525.0,395.0,283.0,40.951190458886096,327.0,246.0,279.0,106.8831137270987,460.0,100.0,310.35714285714283,119.69230239554784,525.0,100.0,293.4642857142857,118.46533549644649,525.0,76.0,268.97982089983475,281.4615076283245,0.9474833232261975,449.7487055112749,462.4522,449.23568360900117,437.55822345216734,15.25129448872508,2.54779052734375,15.764316390998829,27.44177654783266,15.25129448872508,2.54779052734375,15.764316390998829,27.44177654783266,3.2798482771451782
2025-11-27,Thursday,27,11,0,1,0,0,0,0,0,2.0,0.4338837391175582,-0.900968867902419,-0.5000000000000004,0.8660254037844384,0,0,48,331,262.0,465.0,246.0,276.0,261.0,455.0,83.0,329.0,118.73078791956172,465.0,246.0,279.7142857142857,108.301607075971,465.0,100.0,306.07142857142856,112.2589481002358,465.0,100.0,293.7857142857143,118.93395526209332,525.0,76.0,317.98486567487606,305.93330661121456,0.9488732735643324,314.1209357147857,315.24664,324.6100790824883,302.5060849954625,-52.120935714785674,-53.24664306640625,-62.61007908248831,-40.506084995462516,52.120935714785674,53.24664306640625,62.61007908248831,40.506084995462516,19.893486914040334
2025-11-28,Friday,28,11,0,1,0,0,0,0,0,1.0,-0.433883739117558,-0.9009688679024191,-0.5000000000000004,0.8660254037844384,0,0,48,332,348.0,262.0,465.0,246.0,283.0,355.0,305.0,324.3333333333333,122.0833048919191,465.0,246.0,279.85714285714283,108.27346331000396,465.0,100.0,292.2857142857143,104.1185925696334,465.0,100.0,294.67857142857144,118.58519474495252,525.0,76.0,303.98864925615703,300.07553239638594,0.9464911221161976,281.43551232160536,278.8893,284.5527470969201,280.86447712375536,66.56448767839464,69.11068725585938,63.447252903079914,67.13552287624464,66.56448767839464,69.11068725585938,63.447252903079914,67.13552287624464,19.127726344366277
2025-11-29,Saturday,29,11,0,1,1,1,0,0,0,0.0,-0.9749279121818236,-0.2225209339563146,-0.5000000000000004,0.8660254037844384,1,0,48,333,95.0,348.0,262.0,465.0,100.0,116.0,84.0,358.3333333333333,101.89373549602185,465.0,262.0,289.1428571428572,111.33197889110498,465.0,100.0,291.7857142857143,103.81061052292708,465.0,100.0,297.2857142857143,118.93847059870784,525.0,76.0,314.9914869421178,306.4654614102012,0.9693486590038316,128.5062285306609,125.24596,133.14951771904643,127.12321145203785,-33.506228530660906,-30.245956420898438,-38.14951771904643,-32.12321145203785,33.506228530660906,30.245956420898438,38.14951771904643,32.12321145203785,35.26971424280095
2025-11-30,Sunday,30,11,0,1,1,1,0,0,0,0.0,-0.7818314824680299,0.6234898018587334,-0.5000000000000004,0.8660254037844384,1,0,48,334,425.0,95.0,348.0,262.0,327.0,355.0,346.0,235.0,128.64291663360245,348.0,95.0,288.42857142857144,112.75468525794822,465.0,95.0,290.2857142857143,106.65864209742188,465.0,95.0,297.9642857142857,117.67673301066527,525.0,83.0,259.99361520658834,278.2700665555077,0.964759288018158,311.6131427809553,310.33533,324.7727549547686,299.7313462396599,113.38685721904471,114.6646728515625,100.22724504523143,125.2686537603401,113.38685721904471,114.6646728515625,100.22724504523143,125.2686537603401,26.67926052212817
2025-12-01,Monday,1,12,1,0,0,0,0,1,0,99.0,0.0,1.0,-2.4492935982947064e-16,1.0,0,0,49,335,168.0,425.0,95.0,348.0,276.0,320.0,367.0,289.3333333333333,172.64510804923867,425.0,95.0,302.42857142857144,123.87743558703086,465.0,95.0,295.2857142857143,111.45846316448568,465.0,95.0,301.1428571428572,119.92272644273989,525.0,83.0,301.24521140494124,297.83405768144,1.0009456264775414,330.13186743342067,315.12607,333.29404033731726,341.97549384771037,-162.13186743342067,-147.12606811523438,-165.29404033731726,-173.97549384771037,162.13186743342067,147.12606811523438,165.29404033731726,173.97549384771037,96.50706394846468
2025-12-02,Tuesday,2,12,1,0,0,0,0,1,0,99.0,0.7818314824680298,0.6234898018587336,-2.4492935982947064e-16,1.0,0,0,49,336,146.0,168.0,425.0,95.0,246.0,266.0,339.0,229.33333333333331,173.33878196564473,425.0,95.0,287.0,134.02736039082936,465.0,95.0,284.42857142857144,116.16944804612208,465.0,95.0,296.25,122.52607432252448,525.0,83.0,267.9339085537059,280.52284999058134,0.9655172413793104,329.12593811655177,311.31894,340.76043197826306,335.2984431624078,-183.12593811655177,-165.31893920898438,-194.76043197826306,-189.2984431624078,183.12593811655177,165.31893920898438,194.76043197826306,189.2984431624078,125.42872473736422
2025-12-03,Wednesday,3,12,1,0,0,0,0,1,0,99.0,0.9749279121818236,-0.2225209339563143,-2.4492935982947064e-16,1.0,0,0,49,337,257.0,146.0,168.0,425.0,465.0,460.0,525.0,246.33333333333331,155.12038335864608,425.0,146.0,272.7142857142857,144.07835169993905,465.0,95.0,275.85714285714283,121.91854603845908,465.0,95.0,291.8928571428572,125.69608829934414,525.0,83.0,237.45043141527944,262.58646999183713,0.9311059626874773,383.4863195612117,373.98923,400.21400125619834,376.25573013251477,-126.4863195612117,-116.98922729492188,-143.21400125619834,-119.25573013251477,126.4863195612117,116.98922729492188,143.21400125619834,119.25573013251477,49.21646675533529
2025-12-04,Thursday,4,12,1,0,0,0,0,1,0,99.0,0.4338837391175582,-0.900968867902419,-2.4492935982947064e-16,1.0,0,0,49,338,161.0,257.0,146.0,168.0,262.0,261.0,455.0,190.33333333333331,58.77357682950177,257.0,146.0,243.0,116.6504750668989,425.0,95.0,261.35714285714283,109.80304545507278,465.0,95.0,286.9642857142857,124.20010202860242,525.0,83.0,242.3378235614596,261.84160732625884,0.8438546446731985,254.408803613773,254.52997,253.32760504821536,255.3688375313849,-93.40880361377299,-93.52996826171875,-92.32760504821536,-94.36883753138491,93.40880361377299,93.52996826171875,92.32760504821536,94.36883753138491,58.01789044333725
2025-12-05,Friday,5,12,1,0,0,0,0,1,0,99.0,-0.433883739117558,-0.9009688679024191,-2.4492935982947064e-16,1.0,0,0,49,339,176.0,161.0,257.0,146.0,348.0,283.0,355.0,188.0,60.22457969965431,257.0,146.0,228.57142857142856,120.10392325378984,425.0,95.0,254.2142857142857,113.03313235945024,465.0,95.0,289.75,120.26841123395889,525.0,84.0,222.00336767109468,248.39605968275768,0.7861442083282153,221.6445332547969,226.94778,227.55881194112075,210.42700339944184,-45.6445332547969,-50.947784423828125,-51.55881194112075,-34.427003399441844,45.6445332547969,50.947784423828125,51.55881194112075,34.427003399441844,25.934393894770963
2025-12-06,Saturday,6,12,1,0,1,0,0,1,0,99.0,-0.9749279121818236,-0.2225209339563146,-2.4492935982947064e-16,1.0,0,1,49,340,72.0,176.0,161.0,257.0,95.0,100.0,116.0,198.0,51.64300533470153,257.0,161.0,204.0,108.6462148443278,425.0,95.0,246.57142857142856,114.54439131802816,465.0,95.0,285.1428571428572,122.1191628987435,525.0,84.0,210.502525753321,238.74325172505667,0.7129306040938591,107.37282434545425,104.0128,100.64313548983125,117.46253542250804,-35.37282434545425,-32.01280212402344,-28.643135489831252,-45.46253542250804,35.37282434545425,32.01280212402344,28.643135489831252,45.46253542250804,49.128922702019786
2025-12-07,Sunday,7,12,1,0,1,0,0,1,0,99.0,-0.7818314824680299,0.6234898018587334,-2.4492935982947064e-16,1.0,0,1,49,341,268.0,72.0,176.0,161.0,425.0,327.0,355.0,136.33333333333334,56.21684207898352,176.0,72.0,200.7142857142857,112.7618645431066,425.0,72.0,244.57142857142856,117.50660491139288,465.0,72.0,284.7142857142857,122.86995749582712,525.0,72.0,175.87689431499075,216.51081816171575,0.7025,157.1558126638331,140.41064,154.44288833757767,176.61390512267167,110.8441873361669,127.58935546875,113.55711166242233,91.38609487732833,110.8441873361669,127.58935546875,113.55711166242233,91.38609487732833,41.35977139409213
2025-12-08,Monday,8,12,0,0,0,0,0,1,0,99.0,0.0,1.0,-2.4492935982947064e-16,1.0,0,0,50,342,125.0,268.0,72.0,176.0,168.0,276.0,320.0,172.0,98.06120537705024,268.0,72.0,178.28571428571428,67.07387540544056,268.0,72.0,240.3571428571429,115.36137678073727,465.0,72.0,281.92857142857144,122.31196560932554,525.0,72.0,198.90767073624303,223.37604240682032,0.6301439030547841,263.45329935081514,263.51794,274.73420588107774,252.10774783543025,-138.45329935081514,-138.5179443359375,-149.73420588107774,-127.10774783543025,138.45329935081514,138.5179443359375,149.73420588107774,127.10774783543025,110.76263948065211
2025-12-09,Tuesday,9,12,0,0,0,0,0,1,0,99.0,0.7818314824680298,0.6234898018587336,-2.4492935982947064e-16,1.0,0,0,50,343,86.0,125.0,268.0,72.0,146.0,246.0,266.0,155.0,101.3854032886393,268.0,72.0,172.14285714285714,70.0747899781083,268.0,72.0,229.57142857142856,118.78080282974643,465.0,72.0,273.2857142857143,124.60659787027386,525.0,72.0,180.4307530521823,210.2592367525776,0.6276041666666666,207.6924160634973,196.75438,220.0748779598446,206.24799095818642,-121.69241606349729,-110.75437927246094,-134.0748779598446,-120.24799095818642,121.69241606349729,110.75437927246094,134.0748779598446,120.24799095818642,141.50280937615963
2025-12-10,Wednesday,10,12,0,0,0,0,1,0,0,99.0,0.9749279121818236,-0.2225209339563143,-2.4492935982947064e-16,1.0,0,0,50,344,153.0,86.0,125.0,268.0,257.0,465.0,460.0,159.66666666666666,95.82449234581608,268.0,86.0,163.57142857142858,77.12080813644808,268.0,72.0,218.14285714285717,124.63167713328308,465.0,72.0,264.25,128.7684183158101,525.0,72.0,156.8230647891367,193.6913385189006,0.6166689107311163,272.74955889948836,258.56116,279.959886303932,279.72763316797045,-119.74955889948836,-105.5611572265625,-126.95988630393202,-126.72763316797045,119.74955889948836,105.5611572265625,126.95988630393202,126.72763316797045,78.26768555522115
2025-12-11,Thursday,11,12,0,0,0,0,1,0,0,99.0,0.4338837391175582,-0.900968867902419,-2.4492935982947064e-16,1.0,0,0,50,345,108.0,153.0,86.0,125.0,161.0,262.0,261.0,121.33333333333331,33.650160970393294,153.0,86.0,148.71428571428572,65.22196533304201,268.0,72.0,195.8571428571429,103.13609913631068,425.0,72.0,250.9642857142857,119.74339296483151,465.0,72.0,155.86729859185257,188.26582671638053,0.5902197023387669,118.42892440802291,115.23258,113.70205445833443,126.35213667344917,-10.428924408022908,-7.232582092285156,-5.70205445833443,-18.352136673449166,10.428924408022908,7.232582092285156,5.70205445833443,18.352136673449166,9.6564114889101
2025-12-12,Friday,12,12,0,0,0,0,1,0,0,99.0,-0.433883739117558,-0.9009688679024191,-2.4492935982947064e-16,1.0,0,0,50,346,115.0,108.0,153.0,86.0,176.0,348.0,283.0,115.66666666666669,34.15162270424911,153.0,86.0,141.14285714285714,66.6193879973587,268.0,72.0,184.8571428571429,103.74959287620352,425.0,72.0,238.57142857142856,115.73386730913276,465.0,72.0,143.9004739438894,177.5637164875298,0.5891472868217054,117.31177700589136,109.373695,118.92261549788903,123.63902014624989,-2.311777005891358,5.626304626464844,-3.9226154978890264,-8.63902014624989,2.311777005891358,5.626304626464844,3.9226154978890264,8.63902014624989,2.010240874688137
2025-12-13,Saturday,13,12,0,0,1,0,1,0,0,99.0,-0.9749279121818236,-0.2225209339563146,-2.4492935982947064e-16,1.0,0,0,50,347,40.0,115.0,108.0,153.0,72.0,95.0,100.0,125.33333333333331,24.21432083155293,153.0,108.0,132.42857142857142,65.27597093075012,268.0,72.0,168.21428571428572,93.77483553821746,425.0,72.0,230.0,115.67899389962524,465.0,72.0,136.67535545791705,169.22188762252586,0.5732838589981447,80.9104618415602,71.402855,81.10154938150322,90.22698122374379,-40.910461841560206,-31.402854919433594,-41.10154938150322,-50.22698122374379,40.910461841560206,31.402854919433594,41.10154938150322,50.22698122374379,102.27615460390051
2025-12-14,Sunday,14,12,0,0,1,0,1,0,0,99.0,-0.7818314824680299,0.6234898018587334,-2.4492935982947064e-16,1.0,0,0,50,348,135.0,40.0,115.0,108.0,268.0,425.0,327.0,87.66666666666667,41.42865353029709,115.0,40.0,127.85714285714286,71.07608264254067,268.0,40.0,164.28571428571428,98.1289799360854,425.0,40.0,227.28571428571428,119.28827738588996,465.0,40.0,112.5065165934378,151.9923026061891,0.5600750938673342,138.1460993756104,134.1587,138.1381918691614,142.1413995926307,-3.1460993756103903,0.8412933349609375,-3.1381918691614032,-7.141399592630705,3.1460993756103903,0.8412933349609375,3.1381918691614032,7.141399592630705,2.3304439819336227
2025-12-15,Monday,15,12,0,0,0,0,1,0,0,99.0,0.0,1.0,-2.4492935982947064e-16,1.0,0,0,51,349,72.0,135.0,40.0,115.0,125.0,168.0,276.0,96.66666666666669,50.08326400438966,135.0,40.0,108.85714285714286,36.95686030778658,153.0,40.0,143.57142857142858,63.281683199574985,268.0,40.0,219.42857142857144,117.80065665773944,465.0,40.0,118.12988744507834,149.72666225869722,0.4938431626701232,90.01565761435792,77.29397,77.60660189932052,115.14640274306964,-18.01565761435792,-5.293968200683594,-5.606601899320523,-43.14640274306964,18.01565761435792,5.293968200683594,5.606601899320523,43.14640274306964,25.02174668660822
2025-12-16,Tuesday,16,12,0,0,0,0,1,0,0,99.0,0.7818314824680298,0.6234898018587336,-2.4492935982947064e-16,1.0,0,0,51,350,41.0,72.0,135.0,40.0,86.0,146.0,246.0,82.33333333333333,48.33563212924189,135.0,40.0,101.28571428571428,38.49551612726449,153.0,40.0,136.71428571428572,65.5901359509635,268.0,40.0,210.57142857142856,119.27292964470878,465.0,40.0,106.59741558380875,139.36310729087091,0.4787305874409183,83.62098169701775,71.76025,80.460967329247,98.64173148495078,-42.620981697017754,-30.76024627685547,-39.460967329247,-57.64173148495078,42.620981697017754,30.76024627685547,39.460967329247,57.64173148495078,103.95361389516525
2025-12-17,Wednesday,17,12,0,0,0,0,1,0,0,99.0,0.9749279121818236,-0.2225209339563143,-2.4492935982947064e-16,1.0,0,0,51,351,111.0,41.0,72.0,135.0,153.0,257.0,465.0,82.66666666666667,47.89919971495766,135.0,41.0,94.85714285714286,44.72668320450223,153.0,40.0,129.21428571428572,70.28204560245719,268.0,40.0,202.53571428571428,122.92378913988878,465.0,40.0,90.19806168785657,126.2480263187548,0.4660466748552378,122.71103084955469,116.66965,120.2802941443785,131.18315118748868,-11.711030849554689,-5.669647216796875,-9.280294144378502,-20.183151187488676,11.711030849554689,5.669647216796875,9.280294144378502,20.183151187488676,10.550478242842061
2025-12-18,Thursday,18,12,0,0,0,0,1,0,0,99.0,0.4338837391175582,-0.900968867902419,-2.4492935982947064e-16,1.0,0,0,51,352,36.0,111.0,41.0,72.0,108.0,161.0,262.0,74.66666666666667,35.076107727816726,111.0,41.0,88.85714285714286,37.92724865417864,135.0,40.0,118.78571428571428,59.93224196017999,268.0,40.0,190.07142857142856,113.15637445307704,465.0,40.0,95.39854626589242,124.21495614292084,0.4650467289719626,72.87666365791769,65.08865,63.65671162093694,89.884625788363,-36.87666365791769,-29.088653564453125,-27.65671162093694,-53.884625788362996,36.87666365791769,29.088653564453125,27.65671162093694,53.884625788362996,102.43517682754913
2025-12-19,Friday,19,12,0,0,0,0,1,0,0,99.0,-0.433883739117558,-0.9009688679024191,-2.4492935982947064e-16,1.0,0,0,51,353,47.0,36.0,111.0,41.0,115.0,176.0,348.0,62.66666666666666,41.93248541803133,111.0,36.0,78.57142857142857,41.46828966353376,135.0,36.0,109.85714285714286,62.4190024602428,268.0,36.0,182.03571428571428,115.88898971217172,465.0,36.0,80.54890969941931,112.45296199053138,0.4292682926829268,77.31692166685976,84.72866,80.44347244791088,66.7786319691723,-30.316921666859756,-37.728660583496094,-33.44347244791088,-19.778631969172295,30.316921666859756,37.728660583496094,33.44347244791088,19.778631969172295,64.5040886528931
2025-12-20,Saturday,20,12,0,0,1,0,1,0,0,99.0,-0.9749279121818236,-0.2225209339563146,-2.4492935982947064e-16,1.0,0,0,51,354,20.0,47.0,36.0,111.0,40.0,72.0,95.0,64.66666666666667,40.50102879351845,111.0,36.0,68.85714285714286,39.426846063004746,135.0,36.0,100.64285714285714,61.417370560724365,268.0,36.0,173.60714285714286,116.85202395613612,465.0,36.0,72.16168227456448,103.72590039179386,0.3943546737574146,46.89006179760397,46.352432,39.770316929469416,54.54743621236591,-26.89006179760397,-26.352432250976562,-19.770316929469416,-34.54743621236591,26.89006179760397,26.352432250976562,19.770316929469416,34.54743621236591,134.45030898801986
2025-12-21,Sunday,21,12,0,0,1,0,1,0,0,99.0,-0.7818314824680299,0.6234898018587334,-2.4492935982947064e-16,1.0,0,0,51,355,79.0,20.0,47.0,36.0,135.0,268.0,425.0,34.333333333333336,13.576941236280938,47.0,20.0,66.0,42.47352116318682,135.0,20.0,96.92857142857144,64.76402644122001,268.0,20.0,170.75,119.66268176590108,465.0,20.0,59.12126170592336,92.56244700622136,0.3842794759825327,115.30246627603839,109.924034,116.98432510274688,118.99903960671594,-36.30246627603839,-30.924034118652344,-37.98432510274688,-39.99903960671594,36.30246627603839,30.924034118652344,37.98432510274688,39.99903960671594,45.952488957010615
2025-12-22,Monday,22,12,0,0,0,0,1,0,0,99.0,0.0,1.0,-2.4492935982947064e-16,1.0,0,0,52,356,57.0,79.0,20.0,47.0,72.0,125.0,168.0,48.66666666666666,29.535289626706195,79.0,20.0,58.0,31.04834939251473,111.0,20.0,83.42857142857143,42.090953323110526,153.0,20.0,161.89285714285714,116.81334883312084,465.0,20.0,64.09094627944252,90.75412073872516,0.3560622670467003,70.96422956331584,64.4666,64.78510625885616,83.64098392034919,-13.96422956331584,-7.4665985107421875,-7.78510625885616,-26.640983920349186,13.96422956331584,7.4665985107421875,7.78510625885616,26.640983920349186,24.498648356694456
2025-12-23,Tuesday,23,12,0,0,0,0,1,0,0,99.0,0.7818314824680298,0.6234898018587336,-2.4492935982947064e-16,1.0,0,0,52,357,43.0,57.0,79.0,20.0,41.0,86.0,146.0,52.0,29.81610303175255,79.0,20.0,55.85714285714285,30.43259530737601,111.0,20.0,78.57142857142857,40.82931504486552,153.0,20.0,154.07142857142858,116.22039362426804,465.0,20.0,62.31820970958189,86.25357130689514,0.360202671579917,66.8855327563296,61.658695,63.74306882125388,75.25483422678766,-23.885532756329596,-18.658695220947266,-20.74306882125388,-32.254834226787665,23.885532756329596,18.658695220947266,20.74306882125388,32.254834226787665,55.547750596115335
2025-12-24,Wednesday,24,12,0,1,0,0,1,0,0,99.0,0.9749279121818236,-0.2225209339563143,-2.4492935982947064e-16,1.0,0,0,52,358,65.0,43.0,57.0,79.0,111.0,153.0,257.0,59.66666666666666,18.147543451757127,79.0,43.0,56.142857142857146,30.27886265712752,111.0,20.0,75.5,41.83254162086559,153.0,20.0,146.82142857142858,116.6044448588752,465.0,20.0,57.48865728218642,80.48642846597579,0.3798018845131674,81.37190551218647,74.9871,71.24308954115551,97.88552830155623,-16.371905512186473,-9.987098693847656,-6.243089541155513,-32.885528301556235,16.371905512186473,9.987098693847656,6.243089541155513,32.885528301556235,25.187546941825342
2025-12-25,Thursday,25,12,0,1,0,0,1,0,0,99.0,0.4338837391175582,-0.900968867902419,-2.4492935982947064e-16,1.0,0,0,52,359,35.0,65.0,43.0,57.0,36.0,108.0,161.0,55.0,11.135528725663724,65.0,43.0,49.57142857142857,19.440997426882213,79.0,20.0,69.21428571428571,35.410078033993905,135.0,20.0,132.53571428571428,99.41513490218156,425.0,20.0,59.36649296163982,78.42157133717903,0.3712222519390211,61.58328418798965,56.765736,56.91932799261362,71.06478894513461,-26.583284187989648,-21.765735626220703,-21.919327992613617,-36.06478894513461,26.583284187989648,21.765735626220703,21.919327992613617,36.06478894513461,75.95224053711328
2025-12-26,Friday,26,12,0,1,0,0,1,0,0,99.0,-0.433883739117558,-0.9009688679024191,-2.4492935982947064e-16,1.0,0,0,52,360,45.0,35.0,65.0,43.0,47.0,115.0,176.0,47.66666666666666,15.534906930310816,65.0,35.0,49.42857142857143,19.560650490684285,79.0,20.0,64.0,34.62546861665537,135.0,20.0,124.42857142857144,97.7075866387682,425.0,20.0,53.27486972122986,72.63202849222183,0.3940774487471526,58.2996376264369,55.473316,55.16677620280166,64.25882048388209,-13.299637626436898,-10.473316192626953,-10.166776202801657,-19.25882048388209,13.299637626436898,10.473316192626953,10.166776202801657,19.25882048388209,29.554750280970882
2025-12-27,Saturday,27,12,0,1,1,0,1,0,0,99.0,-0.9749279121818236,-0.2225209339563146,-2.4492935982947064e-16,1.0,1,0,52,361,18.0,45.0,35.0,65.0,20.0,40.0,72.0,48.333333333333336,15.27525231652226,65.0,35.0,49.142857142857146,19.61656248707156,79.0,20.0,59.0,31.617911184836583,135.0,20.0,113.60714285714286,88.36135374686573,425.0,20.0,51.2061522909224,68.94775802659225,0.4287940168276722,57.16842526209094,51.56196,53.011420507395236,66.93189696588931,-39.16842526209094,-33.56195831298828,-35.011420507395236,-48.93189696588931,39.16842526209094,33.56195831298828,35.011420507395236,48.93189696588931,217.6023625671719
2025-12-28,Sunday,28,12,0,1,1,0,1,0,0,99.0,-0.7818314824680299,0.6234898018587334,-2.4492935982947064e-16,1.0,1,0,52,362,48.0,18.0,45.0,35.0,79.0,135.0,268.0,32.666666666666664,13.650396819632268,45.0,18.0,48.85714285714285,20.11987882193089,79.0,18.0,57.42857142857143,33.144704382017565,135.0,18.0,110.85714285714286,90.1421569833359,425.0,18.0,42.9046142181918,62.15472362304662,0.4367816091954022,82.87981216916715,73.64185,82.37017908710241,92.62740408787951,-34.87981216916715,-25.64185333251953,-34.370179087102414,-44.62740408787951,34.87981216916715,25.64185333251953,34.370179087102414,44.62740408787951,72.66627535243157
2025-12-29,Monday,29,12,0,1,0,0,1,0,0,99.0,0.0,1.0,-2.4492935982947064e-16,1.0,0,0,1,363,38.0,48.0,18.0,45.0,57.0,72.0,125.0,37.0,16.522711641861065,48.0,18.0,44.42857142857143,15.186146569116922,65.0,18.0,51.21428571428572,24.514292758520543,111.0,18.0,97.39285714285714,66.55008656015353,268.0,18.0,44.17846066364385,60.26742713997374,0.4515426497277677,71.53551995161386,67.14918,73.71120231294901,73.74617999062306,-33.535519951613864,-29.14917755126953,-35.71120231294901,-35.74617999062306,33.535519951613864,29.14917755126953,35.71120231294901,35.74617999062306,88.2513682937207
2025-12-30,Tuesday,30,12,0,1,0,0,1,0,0,99.0,0.7818314824680298,0.6234898018587336,-2.4492935982947064e-16,1.0,0,0,1,364,42.0,38.0,48.0,18.0,43.0,41.0,86.0,34.666666666666664,15.27525231652249,48.0,18.0,41.71428571428572,14.232758993641376,65.0,18.0,48.785714285714285,23.97491821251129,111.0,18.0,92.75,65.97397073706206,268.0,18.0,42.633845497732885,57.29843685464391,0.444952380952381,70.81033948952802,67.415726,70.0462426650489,74.96905009552734,-28.81033948952802,-25.415725708007812,-28.046242665048894,-32.96905009552734,28.81033948952802,25.415725708007812,28.046242665048894,32.96905009552734,68.59604640363814
2025-12-31,Wednesday,31,12,0,1,0,0,1,0,0,99.0,0.9749279121818236,-0.2225209339563143,-2.4492935982947064e-16,1.0,0,0,1,365,44.0,42.0,38.0,48.0,65.0,111.0,153.0,42.66666666666666,5.033222956855939,48.0,38.0,41.57142857142857,14.222718245306169,65.0,18.0,48.85714285714285,23.951416026411295,111.0,18.0,89.03571428571429,65.79231191315755,268.0,18.0,42.47538412329966,55.25864527402472,0.4617215390717968,81.02683330683944,76.51063,76.65536337963252,89.91450879430377,-37.026833306839436,-32.51062774658203,-32.65536337963252,-45.91450879430377,37.026833306839436,32.51062774658203,32.65536337963252,45.91450879430377,84.15189387918053
